ID,class1,class4,class5,class6,class7,class2,class3,class8,class9
1,0.0,0.625,0.0,0.0,0.25,0.125,0.0,0.0,0.0
2,0.9547722117994251,0.008418327572556427,0.0,0.024238181663554795,0.0,0.012571278964463644,0.0,0.0,0.0
3,0.375,0.375,0.0,0.0,0.0,0.25,0.0,0.0,0.0
4,0.11111111111111112,0.7777777777777778,0.0,0.0,0.11111111111111112,0.0,0.0,0.0,0.0
5,0.07692307692307693,0.23076923076923073,0.0,0.07692307692307693,0.46153846153846145,0.15384615384615385,0.0,0.0,0.0
6,0.14285714285714285,0.2857142857142857,0.3571428571428571,0.14285714285714285,0.0,0.07142857142857142,0.0,0.0,0.0
7,0.2727272727272727,0.09090909090909091,0.18181818181818182,0.0,0.18181818181818182,0.0,0.2727272727272727,0.0,0.0
8,0.0,0.22222222222222224,0.11111111111111112,0.0,0.3333333333333333,0.22222222222222224,0.11111111111111112,0.0,0.0
9,0.16666666666666666,0.24999999999999997,0.0,0.08333333333333333,0.41666666666666663,0.08333333333333333,0.0,0.0,0.0
10,0.11111111111111112,0.7777777777777778,0.11111111111111112,0.0,0.0,0.0,0.0,0.0,0.0
11,0.16666666666666663,0.33333333333333326,0.2499999999999999,0.08333333333333331,0.0,0.08333333333333331,0.08333333333333331,0.0,0.0
12,0.0,0.21428571428571427,0.0,0.07142857142857144,0.42857142857142855,0.28571428571428575,0.0,0.0,0.0
13,0.22222222222222224,0.11111111111111112,0.5555555555555556,0.0,0.0,0.0,0.11111111111111112,0.0,0.0
14,0.0,0.0,0.0,0.0,1.0,0.0,0.0,0.0,0.0
15,0.0,0.0,0.0,0.16666666666666666,0.75,0.08333333333333333,0.0,0.0,0.0
16,0.1,0.9,0.0,0.0,0.0,0.0,0.0,0.0,0.0
17,0.2,0.6,0.0,0.0,0.2,0.0,0.0,0.0,0.0
18,0.09090909090909091,0.09090909090909091,0.0,0.0,0.45454545454545453,0.36363636363636365,0.0,0.0,0.0
19,0.28571428571428575,0.0,0.21428571428571427,0.07142857142857144,0.21428571428571427,0.14285714285714288,0.07142857142857144,0.0,0.0
20,0.09090909090909091,0.0,0.09090909090909091,0.2727272727272727,0.45454545454545453,0.0,0.0,0.0,0.09090909090909091
21,0.0,0.25,0.25,0.0,0.33333333333333337,0.16666666666666669,0.0,0.0,0.0
22,0.0,0.3333333333333333,0.22222222222222224,0.0,0.11111111111111112,0.11111111111111112,0.11111111111111112,0.11111111111111112,0.0
23,0.18181818181818182,0.09090909090909091,0.5454545454545454,0.0,0.18181818181818182,0.0,0.0,0.0,0.0
24,0.0,0.0,0.0,0.0,0.8658823529411764,0.13176470588235295,0.0,0.002352941176470588,0.0
25,0.08333333333333333,0.08333333333333333,0.08333333333333333,0.75,0.0,0.0,0.0,0.0,0.0
26,0.07717661787475781,0.07539095980900862,0.0,0.04117249743814512,0.5888489043654259,0.15839733537567818,0.031505837533473705,0.027507847603510584,0.0
27,0.6,0.2,0.0,0.2,0.0,0.0,0.0,0.0,0.0
28,0.0,0.06666666666666665,0.33333333333333326,0.1333333333333333,0.2666666666666666,0.06666666666666665,0.0,0.0,0.1333333333333333
29,0.23529411764705885,0.11764705882352942,0.0,0.0,0.23529411764705885,0.4117647058823529,0.0,0.0,0.0
30,0.20000000000000007,0.7000000000000001,0.0,0.0,0.10000000000000003,0.0,0.0,0.0,0.0
31,0.11111111111111112,0.4444444444444445,0.22222222222222224,0.0,0.11111111111111112,0.11111111111111112,0.0,0.0,0.0
32,0.3333333333333333,0.22222222222222224,0.0,0.0,0.11111111111111112,0.3333333333333333,0.0,0.0,0.0
33,0.0,0.22222222222222224,0.0,0.3333333333333333,0.3333333333333333,0.11111111111111112,0.0,0.0,0.0
34,0.1,0.3,0.3,0.1,0.0,0.0,0.2,0.0,0.0
35,0.0,0.0,0.4545454545454546,0.09090909090909093,0.27272727272727276,0.0,0.18181818181818185,0.0,0.0
36,0.4,0.6,0.0,0.0,0.0,0.0,0.0,0.0,0.0
37,0.18181818181818182,0.36363636363636365,0.36363636363636365,0.0,0.09090909090909091,0.0,0.0,0.0,0.0
38,0.0,0.25,0.08333333333333334,0.16666666666666669,0.33333333333333337,0.0,0.0,0.0,0.16666666666666669
39,0.4545454545454546,0.18181818181818185,0.09090909090909093,0.09090909090909093,0.09090909090909093,0.09090909090909093,0.0,0.0,0.0
40,0.0,0.0,0.0,0.16895817799635743,0.5926610763122813,0.2383807456913613,0.0,0.0,0.0
41,0.0,0.0,0.0,0.0,0.36363636363636365,0.45454545454545453,0.0,0.18181818181818182,0.0
42,0.22222222222222224,0.5555555555555556,0.0,0.0,0.11111111111111112,0.0,0.0,0.0,0.11111111111111112
43,0.125,0.75,0.0,0.0,0.125,0.0,0.0,0.0,0.0
44,0.14285714285714285,0.21428571428571425,0.3571428571428571,0.07142857142857142,0.14285714285714285,0.07142857142857142,0.0,0.0,0.0
45,0.3125,0.0625,0.4375,0.125,0.0,0.0625,0.0,0.0,0.0
46,0.2352941176470588,0.4705882352941176,0.0,0.0,0.1176470588235294,0.0588235294117647,0.1176470588235294,0.0,0.0
47,0.0,0.18181818181818182,0.45454545454545453,0.0,0.2727272727272727,0.09090909090909091,0.0,0.0,0.0
48,0.15384615384615383,0.4615384615384614,0.0,0.0,0.30769230769230765,0.07692307692307691,0.0,0.0,0.0
49,0.0,0.11111111111111112,0.4444444444444445,0.4444444444444445,0.0,0.0,0.0,0.0,0.0
50,0.07717661787475781,0.07539095980900862,0.0,0.04117249743814512,0.5888489043654259,0.15839733537567818,0.031505837533473705,0.027507847603510584,0.0
51,0.0,0.25,0.16666666666666669,0.0,0.4166666666666667,0.16666666666666669,0.0,0.0,0.0
52,0.16666666666666669,0.08333333333333334,0.16666666666666669,0.33333333333333337,0.25,0.0,0.0,0.0,0.0
53,0.0,0.47228219350981493,0.0940645032716644,0.0,0.2455242966751918,0.1881290065433288,0.0,0.0,0.0
54,0.0,0.0,0.1,0.0,0.9,0.0,0.0,0.0,0.0
55,0.18181818181818182,0.2727272727272727,0.0,0.0,0.09090909090909091,0.36363636363636365,0.0,0.09090909090909091,0.0
56,0.5714285714285714,0.0,0.0,0.3571428571428571,0.07142857142857142,0.0,0.0,0.0,0.0
57,0.0,0.5555555555555556,0.0,0.0,0.4444444444444445,0.0,0.0,0.0,0.0
58,0.0,0.6956521739130435,0.0,0.0,0.043478260869565216,0.0,0.0,0.0,0.26086956521739124
59,0.0,0.33333333333333337,0.0,0.0,0.16666666666666669,0.0,0.33333333333333337,0.0,0.16666666666666669
60,0.08333333333333334,0.5,0.08333333333333334,0.33333333333333337,0.0,0.0,0.0,0.0,0.0
61,0.23076923076923075,0.11538461538461538,0.0,0.0,0.11538461538461538,0.5384615384615383,0.0,0.0,0.0
62,0.0,0.005893909626719055,0.09037328094302553,0.0,0.8133595284872297,0.09037328094302553,0.0,0.0,0.0
63,0.23076923076923073,0.7692307692307692,0.0,0.0,0.0,0.0,0.0,0.0,0.0
64,0.0,0.5384615384615383,0.30769230769230765,0.07692307692307691,0.0,0.0,0.07692307692307691,0.0,0.0
65,0.2666666666666666,0.2666666666666666,0.0,0.33333333333333326,0.06666666666666665,0.06666666666666665,0.0,0.0,0.0
66,0.11111111111111112,0.4444444444444445,0.11111111111111112,0.0,0.22222222222222224,0.0,0.11111111111111112,0.0,0.0
67,0.09090909090909091,0.7272727272727273,0.0,0.0,0.18181818181818182,0.0,0.0,0.0,0.0
68,0.16666666666666666,0.16666666666666666,0.0,0.0,0.6666666666666666,0.0,0.0,0.0,0.0
69,0.24999999999999997,0.6666666666666666,0.0,0.0,0.08333333333333333,0.0,0.0,0.0,0.0
70,0.11111111111111112,0.11111111111111112,0.11111111111111112,0.11111111111111112,0.3333333333333333,0.22222222222222224,0.0,0.0,0.0
71,0.16666666666666666,0.24999999999999997,0.24999999999999997,0.24999999999999997,0.08333333333333333,0.0,0.0,0.0,0.0
72,0.0,0.2,0.2,0.0,0.4,0.2,0.0,0.0,0.0
73,0.0,0.0,0.0,0.0,0.8333333333333334,0.16666666666666669,0.0,0.0,0.0
74,0.07142857142857144,0.14285714285714288,0.0,0.0,0.28571428571428575,0.5,0.0,0.0,0.0
75,0.0,0.14285714285714288,0.0,0.0,0.5714285714285715,0.0,0.0,0.0,0.28571428571428575
76,0.08333333333333333,0.24999999999999997,0.16666666666666666,0.24999999999999997,0.16666666666666666,0.08333333333333333,0.0,0.0,0.0
77,0.7928831374999481,0.18686090597799407,0.0,0.02025595652205805,0.0,0.0,0.0,0.0,0.0
78,0.16666666666666669,0.4166666666666667,0.0,0.08333333333333334,0.33333333333333337,0.0,0.0,0.0,0.0
79,0.16666666666666663,0.16666666666666663,0.16666666666666663,0.2499999999999999,0.08333333333333331,0.08333333333333331,0.0,0.0,0.08333333333333331
80,0.41441441441441434,0.3369369369369369,0.0,0.08288288288288287,0.08288288288288287,0.08288288288288287,0.0,0.0,0.0
81,0.09090909090909091,0.18181818181818182,0.0,0.0,0.6363636363636364,0.09090909090909091,0.0,0.0,0.0
82,0.0,0.1,0.0,0.0,0.3,0.5,0.1,0.0,0.0
83,0.0,0.0,0.0,0.21428571428571427,0.42857142857142855,0.35714285714285715,0.0,0.0,0.0
84,0.15384615384615385,0.15384615384615385,0.15384615384615385,0.15384615384615385,0.23076923076923073,0.0,0.15384615384615385,0.0,0.0
85,0.1,0.6,0.1,0.0,0.2,0.0,0.0,0.0,0.0
86,0.14285714285714288,0.28571428571428575,0.14285714285714288,0.0,0.14285714285714288,0.28571428571428575,0.0,0.0,0.0
87,0.08333333333333333,0.16666666666666666,0.49999999999999994,0.16666666666666666,0.0,0.0,0.0,0.0,0.08333333333333333
88,0.9547722117994251,0.008418327572556427,0.0,0.024238181663554795,0.0,0.012571278964463644,0.0,0.0,0.0
89,0.0,0.0,0.0,0.0,0.9090909090909091,0.09090909090909091,0.0,0.0,0.0
90,0.375,0.125,0.125,0.25,0.0,0.0,0.125,0.0,0.0
91,0.25,0.25,0.0,0.0,0.375,0.125,0.0,0.0,0.0
92,0.4545454545454546,0.18181818181818185,0.0,0.18181818181818185,0.0,0.18181818181818185,0.0,0.0,0.0
93,0.047619047619047616,0.09523809523809523,0.19047619047619047,0.2857142857142857,0.047619047619047616,0.3333333333333333,0.0,0.0,0.0
94,0.0,0.11111111111111112,0.0,0.0,0.11111111111111112,0.5555555555555556,0.22222222222222224,0.0,0.0
95,0.07692307692307693,0.23076923076923073,0.0,0.0,0.6923076923076923,0.0,0.0,0.0,0.0
96,0.3846153846153847,0.15384615384615388,0.07692307692307694,0.3846153846153847,0.0,0.0,0.0,0.0,0.0
97,0.375,0.375,0.0,0.0,0.125,0.125,0.0,0.0,0.0
98,0.0,0.0,0.0,0.11111111111111112,0.3333333333333333,0.4444444444444445,0.11111111111111112,0.0,0.0
99,0.25,0.0,0.0,0.0,0.625,0.125,0.0,0.0,0.0
100,0.22222222222222224,0.7777777777777778,0.0,0.0,0.0,0.0,0.0,0.0,0.0
101,0.3333333333333333,0.0,0.22222222222222224,0.0,0.4444444444444445,0.0,0.0,0.0,0.0
102,0.0,0.0,0.2857142857142857,0.0,0.6428571428571428,0.07142857142857142,0.0,0.0,0.0
103,0.7272727272727273,0.09090909090909091,0.0,0.0,0.0,0.18181818181818182,0.0,0.0,0.0
104,0.25,0.5,0.0,0.0,0.125,0.0,0.0,0.125,0.0
105,0.0,0.5555555555555556,0.0,0.0,0.4444444444444445,0.0,0.0,0.0,0.0
106,0.1176470588235294,0.0,0.0,0.1176470588235294,0.2941176470588235,0.0,0.4705882352941176,0.0,0.0
107,0.25,0.5,0.08333333333333334,0.0,0.16666666666666669,0.0,0.0,0.0,0.0
108,0.0,0.5384615384615385,0.07692307692307694,0.07692307692307694,0.30769230769230776,0.0,0.0,0.0,0.0
109,0.0,0.45454545454545453,0.0,0.0,0.45454545454545453,0.09090909090909091,0.0,0.0,0.0
110,0.16666666666666666,0.3333333333333333,0.16666666666666666,0.0,0.24999999999999997,0.08333333333333333,0.0,0.0,0.0
111,0.22222222222222224,0.3333333333333333,0.0,0.11111111111111112,0.22222222222222224,0.0,0.11111111111111112,0.0,0.0
112,0.0,0.20000000000000007,0.0,0.0,0.7000000000000001,0.10000000000000003,0.0,0.0,0.0
113,0.45454545454545453,0.2727272727272727,0.0,0.0,0.18181818181818182,0.0,0.0,0.0,0.09090909090909091
114,0.9547722117994251,0.008418327572556427,0.0,0.024238181663554795,0.0,0.012571278964463644,0.0,0.0,0.0
115,0.0,0.0,0.0,0.0,1.0,0.0,0.0,0.0,0.0
116,0.0,0.22222222222222224,0.0,0.4444444444444445,0.22222222222222224,0.11111111111111112,0.0,0.0,0.0
117,0.125,0.0,0.25,0.0,0.5,0.125,0.0,0.0,0.0
118,0.9547722117994251,0.008418327572556427,0.0,0.024238181663554795,0.0,0.012571278964463644,0.0,0.0,0.0
119,0.7777777777777778,0.11111111111111112,0.0,0.0,0.11111111111111112,0.0,0.0,0.0,0.0
120,0.5384615384615383,0.30769230769230765,0.0,0.07692307692307691,0.0,0.07692307692307691,0.0,0.0,0.0
121,0.0,0.0,0.0,0.16895817799635743,0.5926610763122813,0.2383807456913613,0.0,0.0,0.0
122,0.0,0.0,0.0,0.0,1.0,0.0,0.0,0.0,0.0
123,0.21428571428571425,0.14285714285714285,0.2857142857142857,0.21428571428571425,0.07142857142857142,0.0,0.07142857142857142,0.0,0.0
124,0.24999999999999997,0.24999999999999997,0.3333333333333333,0.08333333333333333,0.0,0.08333333333333333,0.0,0.0,0.0
125,0.3846153846153846,0.07692307692307693,0.15384615384615385,0.0,0.23076923076923073,0.0,0.15384615384615385,0.0,0.0
126,0.16666666666666666,0.49999999999999994,0.08333333333333333,0.0,0.0,0.0,0.16666666666666666,0.08333333333333333,0.0
127,0.9547722117994251,0.008418327572556427,0.0,0.024238181663554795,0.0,0.012571278964463644,0.0,0.0,0.0
128,0.1,0.6,0.0,0.1,0.0,0.0,0.0,0.0,0.2
129,0.14285714285714285,0.2857142857142857,0.0,0.0,0.4285714285714285,0.0,0.0,0.0,0.14285714285714285
130,0.1,0.1,0.2,0.2,0.4,0.0,0.0,0.0,0.0
131,0.0,0.0,0.0,0.0,0.2,0.8,0.0,0.0,0.0
132,0.0,0.625,0.0,0.0,0.25,0.125,0.0,0.0,0.0
133,0.2,0.2,0.0,0.2,0.2,0.2,0.0,0.0,0.0
134,0.2307692307692307,0.5384615384615383,0.07692307692307691,0.07692307692307691,0.07692307692307691,0.0,0.0,0.0,0.0
135,0.30000000000000004,0.6000000000000001,0.0,0.0,0.10000000000000003,0.0,0.0,0.0,0.0
136,0.125,0.125,0.125,0.0,0.625,0.0,0.0,0.0,0.0
137,0.0805687203791469,0.07740916271721958,0.0,0.0,0.6240126382306477,0.14533965244865718,0.0,0.0,0.07266982622432859
138,0.0,0.09090909090909091,0.0,0.0,0.9090909090909091,0.0,0.0,0.0,0.0
139,0.0,0.6666666666666666,0.0,0.0,0.22222222222222224,0.0,0.11111111111111112,0.0,0.0
140,0.07142857142857144,0.07142857142857144,0.0,0.5,0.07142857142857144,0.21428571428571427,0.07142857142857144,0.0,0.0
141,0.0,0.0,0.0,0.0,1.0,0.0,0.0,0.0,0.0
142,0.0,0.16666666666666666,0.0,0.16666666666666666,0.3333333333333333,0.3333333333333333,0.0,0.0,0.0
143,0.0,0.14285714285714285,0.07142857142857142,0.07142857142857142,0.14285714285714285,0.4285714285714285,0.14285714285714285,0.0,0.0
144,0.09090909090909091,0.7272727272727273,0.0,0.0,0.09090909090909091,0.09090909090909091,0.0,0.0,0.0
145,0.16666666666666666,0.24999999999999997,0.08333333333333333,0.08333333333333333,0.24999999999999997,0.08333333333333333,0.08333333333333333,0.0,0.0
146,0.0,0.2,0.0,0.0,0.5,0.3,0.0,0.0,0.0
147,0.07692307692307693,0.3846153846153846,0.07692307692307693,0.0,0.23076923076923073,0.23076923076923073,0.0,0.0,0.0
148,0.0,0.0,0.3,0.2,0.5,0.0,0.0,0.0,0.0
149,0.0,0.09090909090909091,0.45454545454545453,0.18181818181818182,0.09090909090909091,0.0,0.18181818181818182,0.0,0.0
150,0.2222222222222222,0.4444444444444444,0.0,0.0,0.0,0.33333333333333326,0.0,0.0,0.0
151,0.36363636363636365,0.09090909090909091,0.0,0.0,0.09090909090909091,0.0,0.45454545454545453,0.0,0.0
152,0.07142857142857142,0.07142857142857142,0.5714285714285714,0.14285714285714285,0.07142857142857142,0.0,0.07142857142857142,0.0,0.0
153,0.0,0.0,0.7777777777777778,0.0,0.11111111111111112,0.11111111111111112,0.0,0.0,0.0
154,0.7000000000000001,0.20000000000000007,0.0,0.0,0.10000000000000003,0.0,0.0,0.0,0.0
155,0.0,0.09090909090909091,0.09090909090909091,0.0,0.5454545454545454,0.0,0.09090909090909091,0.09090909090909091,0.09090909090909091
156,0.0,0.5,0.0,0.0,0.0,0.0,0.0,0.5,0.0
157,0.5,0.0,0.0,0.125,0.375,0.0,0.0,0.0,0.0
158,0.1,0.0,0.2,0.0,0.3,0.0,0.4,0.0,0.0
159,0.0,0.0,0.0,0.0,1.0,0.0,0.0,0.0,0.0
160,0.0,0.0,0.21428571428571427,0.14285714285714288,0.07142857142857144,0.07142857142857144,0.5,0.0,0.0
161,0.19999999999999998,0.13333333333333333,0.0,0.0,0.26666666666666666,0.3333333333333333,0.06666666666666667,0.0,0.0
162,0.18181818181818182,0.09090909090909091,0.6363636363636364,0.0,0.09090909090909091,0.0,0.0,0.0,0.0
163,0.5,0.16666666666666669,0.16666666666666669,0.0,0.0,0.16666666666666669,0.0,0.0,0.0
164,0.9547722117994251,0.008418327572556427,0.0,0.024238181663554795,0.0,0.012571278964463644,0.0,0.0,0.0
165,0.3333333333333333,0.5555555555555556,0.11111111111111112,0.0,0.0,0.0,0.0,0.0,0.0
166,0.25,0.5,0.0,0.125,0.125,0.0,0.0,0.0,0.0
167,0.0,0.5714285714285715,0.0,0.0,0.42857142857142855,0.0,0.0,0.0,0.0
168,0.0,0.0,0.2,0.2,0.6,0.0,0.0,0.0,0.0
169,0.7928831374999481,0.18686090597799407,0.0,0.02025595652205805,0.0,0.0,0.0,0.0,0.0
170,0.49999999999999994,0.0,0.0,0.16666666666666666,0.3333333333333333,0.0,0.0,0.0,0.0
171,0.25,0.5,0.0,0.0,0.25,0.0,0.0,0.0,0.0
172,0.25,0.0,0.0,0.0,0.25,0.375,0.125,0.0,0.0
173,0.9547722117994251,0.008418327572556427,0.0,0.024238181663554795,0.0,0.012571278964463644,0.0,0.0,0.0
174,0.375,0.125,0.125,0.0,0.25,0.125,0.0,0.0,0.0
175,0.16666666666666669,0.0,0.16666666666666669,0.08333333333333334,0.5833333333333334,0.0,0.0,0.0,0.0
176,0.0,0.0,0.0,0.0,1.0,0.0,0.0,0.0,0.0
177,0.6000000000000001,0.10000000000000003,0.20000000000000007,0.0,0.10000000000000003,0.0,0.0,0.0,0.0
178,0.6363636363636364,0.0,0.0,0.09090909090909093,0.09090909090909093,0.18181818181818185,0.0,0.0,0.0
179,0.0,0.0,0.0,0.0,0.0,1.0,0.0,0.0,0.0
180,0.16666666666666666,0.16666666666666666,0.16666666666666666,0.0,0.49999999999999994,0.0,0.0,0.0,0.0
181,0.0,0.11111111111111112,0.0,0.4444444444444445,0.3333333333333333,0.0,0.11111111111111112,0.0,0.0
182,0.0,0.0,0.0,0.0,1.0,0.0,0.0,0.0,0.0
183,0.42857142857142855,0.14285714285714288,0.42857142857142855,0.0,0.0,0.0,0.0,0.0,0.0
184,0.1111111111111111,0.0,0.1111111111111111,0.4444444444444444,0.33333333333333326,0.0,0.0,0.0,0.0
185,0.4545454545454546,0.09090909090909093,0.27272727272727276,0.18181818181818185,0.0,0.0,0.0,0.0,0.0
186,0.0,0.875,0.0,0.0,0.125,0.0,0.0,0.0,0.0
187,0.0,0.1,0.0,0.0,0.3,0.6,0.0,0.0,0.0
188,0.4,0.6,0.0,0.0,0.0,0.0,0.0,0.0,0.0
189,0.125,0.0,0.125,0.25,0.375,0.125,0.0,0.0,0.0
190,0.0,0.0,0.0,0.0,0.6666666666666666,0.0,0.0,0.3333333333333333,0.0
191,0.0,0.6,0.0,0.0,0.2,0.2,0.0,0.0,0.0
192,0.0,0.8,0.0,0.0,0.1,0.1,0.0,0.0,0.0
193,0.0,0.35714285714285715,0.07142857142857144,0.0,0.5,0.07142857142857144,0.0,0.0,0.0
194,0.42857142857142855,0.42857142857142855,0.0,0.0,0.14285714285714288,0.0,0.0,0.0,0.0
195,0.0,0.15384615384615385,0.07692307692307693,0.0,0.07692307692307693,0.6923076923076923,0.0,0.0,0.0
196,0.09090909090909091,0.6363636363636364,0.0,0.0,0.18181818181818182,0.0,0.0,0.09090909090909091,0.0
197,0.0,0.0,0.0,0.5,0.33333333333333337,0.16666666666666669,0.0,0.0,0.0
198,0.0,0.375,0.125,0.125,0.0,0.25,0.0,0.0,0.125
199,0.0,0.3,0.2,0.0,0.5,0.0,0.0,0.0,0.0
200,0.16666666666666669,0.16666666666666669,0.16666666666666669,0.16666666666666669,0.16666666666666669,0.16666666666666669,0.0,0.0,0.0
201,0.4666666666666666,0.13333333333333333,0.0,0.06666666666666667,0.13333333333333333,0.19999999999999998,0.0,0.0,0.0
202,0.3125,0.25,0.0625,0.25,0.0,0.0625,0.0,0.0,0.0625
203,0.0,0.3333333333333333,0.4444444444444445,0.0,0.0,0.11111111111111112,0.11111111111111112,0.0,0.0
204,0.0,0.08333333333333333,0.3333333333333333,0.0,0.24999999999999997,0.3333333333333333,0.0,0.0,0.0
205,0.07692307692307691,0.0,0.30769230769230765,0.07692307692307691,0.15384615384615383,0.0,0.30769230769230765,0.07692307692307691,0.0
206,0.14285714285714285,0.14285714285714285,0.14285714285714285,0.0,0.4285714285714285,0.0,0.14285714285714285,0.0,0.0
207,0.0,0.1,0.0,0.0,0.8,0.1,0.0,0.0,0.0
208,0.1,0.0,0.0,0.0,0.9,0.0,0.0,0.0,0.0
209,0.4698316559713529,0.016008932096297286,0.0,0.07830527599522549,0.24683184824581947,0.1890222876913049,0.0,0.0,0.0
210,0.0,0.7777777777777778,0.0,0.0,0.11111111111111112,0.11111111111111112,0.0,0.0,0.0
211,0.0,0.2727272727272727,0.09090909090909091,0.0,0.6363636363636364,0.0,0.0,0.0,0.0
212,0.11111111111111112,0.4444444444444445,0.0,0.3333333333333333,0.11111111111111112,0.0,0.0,0.0,0.0
213,0.0,0.0,0.07692307692307693,0.07692307692307693,0.6153846153846154,0.15384615384615385,0.07692307692307693,0.0,0.0
214,0.36363636363636365,0.6363636363636364,0.0,0.0,0.0,0.0,0.0,0.0,0.0
215,0.0,0.0,0.0,0.0,1.0,0.0,0.0,0.0,0.0
216,0.0,0.07692307692307693,0.0,0.0,0.3846153846153846,0.15384615384615385,0.3846153846153846,0.0,0.0
217,0.0,0.0,0.0,0.0,0.7272727272727273,0.2727272727272727,0.0,0.0,0.0
218,0.11111111111111112,0.7777777777777778,0.0,0.11111111111111112,0.0,0.0,0.0,0.0,0.0
219,0.11111111111111112,0.11111111111111112,0.0,0.0,0.7777777777777778,0.0,0.0,0.0,0.0
220,0.0,0.16666666666666669,0.0,0.0,0.8333333333333334,0.0,0.0,0.0,0.0
221,0.30769230769230765,0.07692307692307691,0.2307692307692307,0.30769230769230765,0.0,0.0,0.07692307692307691,0.0,0.0
222,0.9090909090909091,0.09090909090909091,0.0,0.0,0.0,0.0,0.0,0.0,0.0
223,0.10000000000000003,0.7000000000000001,0.10000000000000003,0.0,0.0,0.0,0.10000000000000003,0.0,0.0
224,0.0,0.0,0.0,0.0,0.36363636363636365,0.6363636363636364,0.0,0.0,0.0
225,0.0,0.75,0.0,0.0,0.125,0.125,0.0,0.0,0.0
226,0.0,0.36363636363636365,0.0,0.0,0.45454545454545453,0.09090909090909091,0.09090909090909091,0.0,0.0
227,0.3,0.5,0.0,0.0,0.2,0.0,0.0,0.0,0.0
228,0.0,0.25,0.0,0.0,0.625,0.125,0.0,0.0,0.0
229,0.46153846153846145,0.3846153846153846,0.15384615384615385,0.0,0.0,0.0,0.0,0.0,0.0
230,0.375,0.125,0.0,0.125,0.25,0.0,0.125,0.0,0.0
231,0.0,0.33333333333333337,0.16666666666666669,0.16666666666666669,0.16666666666666669,0.16666666666666669,0.0,0.0,0.0
232,0.0,0.0,0.0,0.0,0.32,0.6799999999999999,0.0,0.0,0.0
233,0.3076923076923077,0.46153846153846145,0.0,0.0,0.15384615384615385,0.07692307692307693,0.0,0.0,0.0
234,0.0,0.2,0.0,0.6,0.0,0.1,0.1,0.0,0.0
235,0.14285714285714288,0.35714285714285715,0.14285714285714288,0.07142857142857144,0.14285714285714288,0.0,0.14285714285714288,0.0,0.0
236,0.0,0.7272727272727273,0.09090909090909091,0.0,0.0,0.09090909090909091,0.09090909090909091,0.0,0.0
237,0.9547722117994251,0.008418327572556427,0.0,0.024238181663554795,0.0,0.012571278964463644,0.0,0.0,0.0
238,0.5,0.25,0.25,0.0,0.0,0.0,0.0,0.0,0.0
239,0.08333333333333334,0.0,0.0,0.0,0.5833333333333334,0.33333333333333337,0.0,0.0,0.0
240,0.22222222222222224,0.6666666666666666,0.0,0.0,0.11111111111111112,0.0,0.0,0.0,0.0
241,0.07692307692307693,0.0,0.15384615384615385,0.0,0.46153846153846145,0.3076923076923077,0.0,0.0,0.0
242,0.0,0.42857142857142855,0.0,0.14285714285714288,0.14285714285714288,0.14285714285714288,0.0,0.0,0.14285714285714288
243,0.1875,0.5625,0.0,0.0,0.25,0.0,0.0,0.0,0.0
244,0.0,0.16666666666666669,0.5,0.0,0.16666666666666669,0.16666666666666669,0.0,0.0,0.0
245,0.0,0.0,0.0,0.0,0.923076923076923,0.07692307692307691,0.0,0.0,0.0
246,0.49999999999999994,0.3333333333333333,0.0,0.08333333333333333,0.08333333333333333,0.0,0.0,0.0,0.0
247,0.24929577464788727,0.3323943661971831,0.0,0.0,0.24929577464788727,0.08309859154929577,0.08591549295774646,0.0,0.0
248,0.7928831374999481,0.18686090597799407,0.0,0.02025595652205805,0.0,0.0,0.0,0.0,0.0
249,0.0,0.0,0.0,0.16895817799635743,0.5926610763122813,0.2383807456913613,0.0,0.0,0.0
250,0.1,0.2,0.1,0.1,0.4,0.1,0.0,0.0,0.0
251,0.0,0.1,0.0,0.0,0.9,0.0,0.0,0.0,0.0
252,0.10000000000000003,0.0,0.0,0.6000000000000001,0.20000000000000007,0.10000000000000003,0.0,0.0,0.0
253,0.0,0.1721311475409836,0.11475409836065574,0.11475409836065574,0.40163934426229503,0.19672131147540983,0.0,0.0,0.0
254,0.19999999999999996,0.1333333333333333,0.19999999999999996,0.19999999999999996,0.19999999999999996,0.06666666666666665,0.0,0.0,0.0
255,0.5333333333333332,0.2666666666666666,0.06666666666666665,0.0,0.06666666666666665,0.0,0.06666666666666665,0.0,0.0
256,0.18181818181818182,0.18181818181818182,0.09090909090909091,0.09090909090909091,0.36363636363636365,0.09090909090909091,0.0,0.0,0.0
257,0.0,0.0,0.0,0.0,0.7142857142857143,0.14285714285714288,0.0,0.0,0.14285714285714288
258,0.07692307692307694,0.2307692307692308,0.07692307692307694,0.07692307692307694,0.2307692307692308,0.30769230769230776,0.0,0.0,0.0
259,0.07717661787475781,0.07539095980900862,0.0,0.04117249743814512,0.5888489043654259,0.15839733537567818,0.031505837533473705,0.027507847603510584,0.0
260,0.0,0.40000000000000013,0.10000000000000003,0.0,0.20000000000000007,0.20000000000000007,0.10000000000000003,0.0,0.0
261,0.3571428571428571,0.5714285714285714,0.0,0.0,0.0,0.07142857142857142,0.0,0.0,0.0
262,0.11111111111111112,0.22222222222222224,0.11111111111111112,0.3333333333333333,0.0,0.22222222222222224,0.0,0.0,0.0
263,0.08333333333333334,0.25,0.08333333333333334,0.0,0.16666666666666669,0.4166666666666667,0.0,0.0,0.0
264,0.16666666666666669,0.16666666666666669,0.0,0.0,0.5,0.16666666666666669,0.0,0.0,0.0
265,0.5555555555555556,0.22222222222222224,0.11111111111111112,0.0,0.0,0.11111111111111112,0.0,0.0,0.0
266,0.1,0.0,0.0,0.0,0.7,0.2,0.0,0.0,0.0
267,0.0,0.25,0.5,0.0,0.25,0.0,0.0,0.0,0.0
268,0.0,0.3333333333333333,0.0,0.0,0.0,0.0,0.0,0.6666666666666666,0.0
269,0.1,0.4,0.0,0.3,0.1,0.1,0.0,0.0,0.0
270,0.19999999999999996,0.4666666666666665,0.06666666666666665,0.1333333333333333,0.06666666666666665,0.0,0.0,0.0,0.06666666666666665
271,0.30000000000000004,0.20000000000000007,0.0,0.20000000000000007,0.20000000000000007,0.10000000000000003,0.0,0.0,0.0
272,0.28571428571428575,0.42857142857142855,0.0,0.14285714285714288,0.14285714285714288,0.0,0.0,0.0,0.0
273,0.21428571428571425,0.6428571428571428,0.0,0.0,0.0,0.07142857142857142,0.07142857142857142,0.0,0.0
274,0.0,0.0,0.0,0.0,0.14285714285714288,0.8571428571428571,0.0,0.0,0.0
275,0.3846153846153846,0.3076923076923077,0.0,0.23076923076923073,0.0,0.07692307692307693,0.0,0.0,0.0
276,0.11111111111111112,0.5555555555555556,0.0,0.0,0.3333333333333333,0.0,0.0,0.0,0.0
277,0.3,0.1,0.3,0.1,0.2,0.0,0.0,0.0,0.0
278,0.07142857142857142,0.4285714285714285,0.0,0.3571428571428571,0.07142857142857142,0.0,0.07142857142857142,0.0,0.0
279,0.1,0.4,0.0,0.0,0.3,0.2,0.0,0.0,0.0
280,0.09090909090909091,0.5454545454545454,0.09090909090909091,0.0,0.18181818181818182,0.0,0.09090909090909091,0.0,0.0
281,0.1,0.1,0.1,0.0,0.7,0.0,0.0,0.0,0.0
282,0.15384615384615385,0.7692307692307692,0.0,0.0,0.07692307692307693,0.0,0.0,0.0,0.0
283,0.0,0.5555555555555556,0.0,0.0,0.0,0.4444444444444445,0.0,0.0,0.0
284,0.14285714285714288,0.07142857142857144,0.0,0.14285714285714288,0.07142857142857144,0.5714285714285715,0.0,0.0,0.0
285,0.22222222222222224,0.3333333333333333,0.0,0.11111111111111112,0.22222222222222224,0.11111111111111112,0.0,0.0,0.0
286,0.9547722117994251,0.008418327572556427,0.0,0.024238181663554795,0.0,0.012571278964463644,0.0,0.0,0.0
287,0.23076923076923073,0.7692307692307692,0.0,0.0,0.0,0.0,0.0,0.0,0.0
288,0.18181818181818185,0.6363636363636364,0.0,0.18181818181818185,0.0,0.0,0.0,0.0,0.0
289,0.0,0.0,0.0,0.0,0.6057906458797327,0.39420935412026725,0.0,0.0,0.0
290,0.0,0.7777777777777778,0.0,0.0,0.11111111111111112,0.11111111111111112,0.0,0.0,0.0
291,0.22222222222222224,0.22222222222222224,0.0,0.11111111111111112,0.11111111111111112,0.3333333333333333,0.0,0.0,0.0
292,0.2,0.8,0.0,0.0,0.0,0.0,0.0,0.0,0.0
293,0.0,0.6,0.0,0.0,0.2,0.0,0.2,0.0,0.0
294,0.2,0.3,0.1,0.0,0.1,0.3,0.0,0.0,0.0
295,0.0,0.0,0.0,0.0,0.09829059829059827,0.9017094017094016,0.0,0.0,0.0
296,0.0,0.0,0.0,0.0,0.8,0.2,0.0,0.0,0.0
297,0.5000000000000001,0.10000000000000003,0.0,0.0,0.30000000000000004,0.0,0.10000000000000003,0.0,0.0
298,0.125,0.875,0.0,0.0,0.0,0.0,0.0,0.0,0.0
299,0.0,0.9,0.0,0.0,0.1,0.0,0.0,0.0,0.0
300,0.125,0.125,0.125,0.125,0.125,0.25,0.0,0.125,0.0
301,0.7928831374999481,0.18686090597799407,0.0,0.02025595652205805,0.0,0.0,0.0,0.0,0.0
302,0.14285714285714285,0.07142857142857142,0.07142857142857142,0.07142857142857142,0.5714285714285714,0.07142857142857142,0.0,0.0,0.0
303,0.0,0.4375,0.375,0.0,0.0,0.125,0.0625,0.0,0.0
304,0.0,0.16666666666666669,0.0,0.33333333333333337,0.33333333333333337,0.0,0.16666666666666669,0.0,0.0
305,0.0,0.2,0.1,0.0,0.5,0.1,0.1,0.0,0.0
306,0.14285714285714285,0.6428571428571428,0.0,0.0,0.14285714285714285,0.07142857142857142,0.0,0.0,0.0
307,0.2222222222222222,0.7407407407407407,0.0,0.0,0.037037037037037035,0.0,0.0,0.0,0.0
308,0.33333333333333337,0.16666666666666669,0.0,0.0,0.33333333333333337,0.16666666666666669,0.0,0.0,0.0
309,0.5,0.1,0.0,0.0,0.0,0.1,0.3,0.0,0.0
310,0.36363636363636365,0.2727272727272727,0.0,0.09090909090909091,0.18181818181818182,0.09090909090909091,0.0,0.0,0.0
311,0.18181818181818185,0.4545454545454546,0.0,0.09090909090909093,0.27272727272727276,0.0,0.0,0.0,0.0
312,0.0,0.875,0.0,0.0,0.125,0.0,0.0,0.0,0.0
313,0.18181818181818182,0.2727272727272727,0.36363636363636365,0.18181818181818182,0.0,0.0,0.0,0.0,0.0
314,0.20000000000000007,0.5000000000000001,0.20000000000000007,0.0,0.0,0.0,0.0,0.0,0.10000000000000003
315,0.25,0.0,0.25,0.25,0.0,0.0,0.25,0.0,0.0
316,0.09090909090909091,0.18181818181818182,0.0,0.09090909090909091,0.5454545454545454,0.09090909090909091,0.0,0.0,0.0
317,0.4285714285714285,0.2857142857142857,0.14285714285714285,0.07142857142857142,0.07142857142857142,0.0,0.0,0.0,0.0
318,0.6666666666666666,0.22222222222222224,0.11111111111111112,0.0,0.0,0.0,0.0,0.0,0.0
319,0.49999999999999994,0.16666666666666666,0.0,0.0,0.0,0.0,0.0,0.3333333333333333,0.0
320,0.13840301920331569,0.29607522388893315,0.0,0.0,0.4011681716038136,0.16435358530393737,0.0,0.0,0.0
321,0.16666666666666666,0.6666666666666666,0.0,0.0,0.08333333333333333,0.08333333333333333,0.0,0.0,0.0
322,0.10526315789473684,0.7368421052631579,0.0,0.10526315789473684,0.05263157894736842,0.0,0.0,0.0,0.0
323,0.25,0.75,0.0,0.0,0.0,0.0,0.0,0.0,0.0
324,0.07692307692307693,0.15384615384615385,0.0,0.07692307692307693,0.46153846153846145,0.15384615384615385,0.07692307692307693,0.0,0.0
325,0.0,0.8,0.0,0.0,0.2,0.0,0.0,0.0,0.0
326,0.07692307692307691,0.07692307692307691,0.0,0.07692307692307691,0.6923076923076922,0.0,0.07692307692307691,0.0,0.0
327,0.2,0.0,0.0,0.1,0.0,0.7,0.0,0.0,0.0
328,0.9547722117994251,0.008418327572556427,0.0,0.024238181663554795,0.0,0.012571278964463644,0.0,0.0,0.0
329,0.2727272727272727,0.18181818181818182,0.09090909090909091,0.0,0.18181818181818182,0.2727272727272727,0.0,0.0,0.0
330,0.14285714285714288,0.21428571428571427,0.28571428571428575,0.0,0.35714285714285715,0.0,0.0,0.0,0.0
331,0.0,0.0,0.5,0.0,0.5,0.0,0.0,0.0,0.0
332,0.6666666666666666,0.3333333333333333,0.0,0.0,0.0,0.0,0.0,0.0,0.0
333,0.5,0.25,0.0,0.125,0.125,0.0,0.0,0.0,0.0
334,0.3076923076923077,0.07692307692307693,0.46153846153846145,0.15384615384615385,0.0,0.0,0.0,0.0,0.0
335,0.25,0.5,0.0,0.0,0.25,0.0,0.0,0.0,0.0
336,0.3846153846153846,0.15384615384615385,0.0,0.0,0.23076923076923073,0.23076923076923073,0.0,0.0,0.0
337,0.35714285714285715,0.6428571428571429,0.0,0.0,0.0,0.0,0.0,0.0,0.0
338,0.7928831374999481,0.18686090597799407,0.0,0.02025595652205805,0.0,0.0,0.0,0.0,0.0
339,0.0,0.5714285714285715,0.0,0.0,0.42857142857142855,0.0,0.0,0.0,0.0
340,0.3734177215189874,0.3734177215189874,0.0,0.0,0.24894514767932494,0.0,0.0042194092827004225,0.0,0.0
341,0.18181818181818182,0.36363636363636365,0.0,0.0,0.2727272727272727,0.18181818181818182,0.0,0.0,0.0
342,0.1648395031734945,0.17580248413252758,0.0,0.0,0.41209875793373624,0.08241975158674725,0.1648395031734945,0.0,0.0
343,0.0,0.0,0.0,0.5,0.5,0.0,0.0,0.0,0.0
344,0.36363636363636365,0.06060606060606061,0.24242424242424243,0.0,0.24242424242424243,0.09090909090909091,0.0,0.0,0.0
345,0.6,0.3333333333333333,0.0,0.0,0.0,0.0,0.06666666666666667,0.0,0.0
346,0.0,0.0,0.0,0.0,0.0,0.9867424242424242,0.0,0.013257575757575756,0.0
347,0.22222222222222224,0.3333333333333333,0.0,0.3333333333333333,0.0,0.11111111111111112,0.0,0.0,0.0
348,0.0,0.25,0.5,0.0,0.125,0.125,0.0,0.0,0.0
349,0.125,0.5,0.375,0.0,0.0,0.0,0.0,0.0,0.0
350,0.0,0.0,0.29447852760736204,0.29447852760736204,0.29447852760736204,0.11656441717791413,0.0,0.0,0.0
351,0.0,0.5384615384615383,0.0,0.15384615384615385,0.23076923076923073,0.0,0.07692307692307693,0.0,0.0
352,0.14285714285714285,0.2857142857142857,0.14285714285714285,0.0,0.14285714285714285,0.07142857142857142,0.0,0.0,0.21428571428571425
353,0.2,0.0,0.4,0.0,0.2,0.2,0.0,0.0,0.0
354,0.0,0.11111111111111112,0.0,0.0,0.888888888888889,0.0,0.0,0.0,0.0
355,0.3333333333333333,0.11111111111111112,0.0,0.0,0.4444444444444445,0.0,0.11111111111111112,0.0,0.0
356,0.125,0.0625,0.0,0.5,0.0,0.125,0.125,0.0,0.0625
357,0.11111111111111112,0.11111111111111112,0.3333333333333333,0.0,0.4444444444444445,0.0,0.0,0.0,0.0
358,1.0,0.0,0.0,0.0,0.0,0.0,0.0,0.0,0.0
359,0.0,0.14285714285714285,0.0,0.0,0.4285714285714285,0.2857142857142857,0.14285714285714285,0.0,0.0
360,0.11111111111111112,0.22222222222222224,0.0,0.11111111111111112,0.3333333333333333,0.0,0.0,0.0,0.22222222222222224
361,0.0,0.09090909090909091,0.0,0.0,0.18181818181818182,0.7272727272727273,0.0,0.0,0.0
362,0.0,0.0,0.0,0.14285714285714285,0.2857142857142857,0.4285714285714285,0.14285714285714285,0.0,0.0
363,0.25,0.0,0.125,0.125,0.5,0.0,0.0,0.0,0.0
364,0.1,0.5,0.1,0.0,0.0,0.0,0.0,0.0,0.3
365,0.0,0.0,0.06666666666666665,0.0,0.6666666666666665,0.19999999999999996,0.06666666666666665,0.0,0.0
366,0.08333333333333334,0.0,0.0,0.0,0.75,0.16666666666666669,0.0,0.0,0.0
367,0.36363636363636365,0.0,0.0,0.0,0.5454545454545454,0.09090909090909091,0.0,0.0,0.0
368,0.4166666666666667,0.16666666666666669,0.4166666666666667,0.0,0.0,0.0,0.0,0.0,0.0
369,0.75,0.0,0.0,0.125,0.0,0.125,0.0,0.0,0.0
370,0.25,0.0,0.25,0.0,0.375,0.125,0.0,0.0,0.0
371,0.08333333333333334,0.0,0.08333333333333334,0.0,0.25,0.4166666666666667,0.16666666666666669,0.0,0.0
372,0.9547722117994251,0.008418327572556427,0.0,0.024238181663554795,0.0,0.012571278964463644,0.0,0.0,0.0
373,0.09090909090909091,0.2727272727272727,0.09090909090909091,0.0,0.36363636363636365,0.18181818181818182,0.0,0.0,0.0
374,0.0,0.0,0.0,0.0,0.7142857142857143,0.0,0.14285714285714288,0.0,0.14285714285714288
375,0.0588235294117647,0.0,0.2941176470588235,0.2352941176470588,0.17647058823529407,0.17647058823529407,0.0588235294117647,0.0,0.0
376,0.5000000000000001,0.0,0.20000000000000007,0.0,0.20000000000000007,0.10000000000000003,0.0,0.0,0.0
377,0.08333333333333333,0.16666666666666666,0.24999999999999997,0.0,0.49999999999999994,0.0,0.0,0.0,0.0
378,0.3333333333333333,0.22222222222222224,0.11111111111111112,0.22222222222222224,0.0,0.11111111111111112,0.0,0.0,0.0
379,0.0,0.0,0.4444444444444445,0.11111111111111112,0.11111111111111112,0.3333333333333333,0.0,0.0,0.0
380,0.07142857142857144,0.35714285714285715,0.0,0.0,0.28571428571428575,0.28571428571428575,0.0,0.0,0.0
381,0.0,0.25,0.0,0.0,0.375,0.375,0.0,0.0,0.0
382,0.0,0.19999999999999996,0.19999999999999996,0.0,0.1333333333333333,0.2666666666666666,0.0,0.0,0.19999999999999996
383,0.1,0.1,0.1,0.1,0.4,0.1,0.1,0.0,0.0
384,0.1,0.2,0.0,0.0,0.7,0.0,0.0,0.0,0.0
385,1.0,0.0,0.0,0.0,0.0,0.0,0.0,0.0,0.0
386,0.0,0.0,0.0,0.0,0.7,0.3,0.0,0.0,0.0
387,0.3333333333333333,0.5555555555555556,0.0,0.0,0.11111111111111112,0.0,0.0,0.0,0.0
388,0.6,0.0,0.1,0.1,0.0,0.2,0.0,0.0,0.0
389,0.09090909090909091,0.2727272727272727,0.18181818181818182,0.09090909090909091,0.2727272727272727,0.09090909090909091,0.0,0.0,0.0
390,0.11645569620253166,0.3493670886075949,0.0,0.0,0.2911392405063291,0.2430379746835443,0.0,0.0,0.0
391,0.33333333333333337,0.33333333333333337,0.0,0.08333333333333334,0.25,0.0,0.0,0.0,0.0
392,0.07142857142857144,0.14285714285714288,0.07142857142857144,0.0,0.42857142857142855,0.28571428571428575,0.0,0.0,0.0
393,0.08333333333333333,0.0,0.24999999999999997,0.08333333333333333,0.49999999999999994,0.08333333333333333,0.0,0.0,0.0
394,0.2857142857142857,0.2857142857142857,0.2857142857142857,0.14285714285714285,0.0,0.0,0.0,0.0,0.0
395,0.0,0.8181818181818181,0.0,0.0,0.09090909090909091,0.0,0.09090909090909091,0.0,0.0
396,0.0,0.125,0.0,0.0,0.875,0.0,0.0,0.0,0.0
397,0.0,0.0,0.14285714285714288,0.21428571428571427,0.40476190476190477,0.23809523809523808,0.0,0.0,0.0
398,0.16666666666666669,0.16666666666666669,0.0,0.5,0.16666666666666669,0.0,0.0,0.0,0.0
399,0.0,0.75,0.0,0.0,0.25,0.0,0.0,0.0,0.0
400,0.1,0.3,0.0,0.0,0.5,0.1,0.0,0.0,0.0
401,0.16666666666666669,0.0,0.0,0.16666666666666669,0.33333333333333337,0.16666666666666669,0.16666666666666669,0.0,0.0
402,0.0,0.0,0.0,0.0,0.125,0.875,0.0,0.0,0.0
403,0.46153846153846145,0.46153846153846145,0.0,0.0,0.0,0.07692307692307693,0.0,0.0,0.0
404,0.25,0.0,0.0,0.375,0.125,0.0,0.0,0.0,0.25
405,0.0,0.8571428571428571,0.0,0.0,0.14285714285714288,0.0,0.0,0.0,0.0
406,0.25,0.375,0.0,0.0,0.375,0.0,0.0,0.0,0.0
407,0.0,0.4117647058823529,0.17647058823529413,0.0,0.05882352941176471,0.23529411764705885,0.0,0.0,0.11764705882352942
408,0.45454545454545453,0.0,0.0,0.0,0.5454545454545454,0.0,0.0,0.0,0.0
409,0.125,0.125,0.125,0.125,0.375,0.0,0.125,0.0,0.0
410,0.15384615384615385,0.6153846153846154,0.0,0.15384615384615385,0.0,0.07692307692307693,0.0,0.0,0.0
411,0.11111111111111112,0.5555555555555556,0.22222222222222224,0.11111111111111112,0.0,0.0,0.0,0.0,0.0
412,0.0,0.2,0.0,0.0,0.4,0.0,0.2,0.2,0.0
413,0.16666666666666669,0.6666666666666667,0.0,0.0,0.0,0.16666666666666669,0.0,0.0,0.0
414,0.14285714285714288,0.5714285714285715,0.0,0.0,0.28571428571428575,0.0,0.0,0.0,0.0
415,0.0,0.0,0.16666666666666666,0.08333333333333333,0.3333333333333333,0.41666666666666663,0.0,0.0,0.0
416,0.0,0.15384615384615385,0.3846153846153846,0.07692307692307693,0.23076923076923073,0.07692307692307693,0.07692307692307693,0.0,0.0
417,0.5,0.0,0.0,0.0,0.0,0.3,0.2,0.0,0.0
418,0.06666666666666667,0.5333333333333333,0.0,0.0,0.26666666666666666,0.13333333333333333,0.0,0.0,0.0
419,0.16666666666666669,0.6666666666666667,0.0,0.0,0.0,0.16666666666666669,0.0,0.0,0.0
420,0.14285714285714285,0.21428571428571425,0.0,0.3571428571428571,0.21428571428571425,0.0,0.07142857142857142,0.0,0.0
421,0.75,0.0,0.0,0.0,0.0,0.25,0.0,0.0,0.0
422,0.0,0.09090909090909093,0.09090909090909093,0.0,0.6363636363636364,0.18181818181818185,0.0,0.0,0.0
423,0.625,0.0,0.0,0.0,0.125,0.25,0.0,0.0,0.0
424,0.18181818181818182,0.7272727272727273,0.09090909090909091,0.0,0.0,0.0,0.0,0.0,0.0
425,0.1,0.2,0.3,0.2,0.1,0.1,0.0,0.0,0.0
426,0.25,0.16666666666666669,0.0,0.0,0.4166666666666667,0.16666666666666669,0.0,0.0,0.0
427,0.3333333333333333,0.5555555555555556,0.0,0.0,0.0,0.11111111111111112,0.0,0.0,0.0
428,0.2,0.0,0.6,0.0,0.2,0.0,0.0,0.0,0.0
429,0.21052631578947367,0.0,0.0,0.0,0.5789473684210527,0.21052631578947367,0.0,0.0,0.0
430,0.888888888888889,0.11111111111111112,0.0,0.0,0.0,0.0,0.0,0.0,0.0
431,0.1111111111111111,0.0,0.2222222222222222,0.0,0.4444444444444444,0.2222222222222222,0.0,0.0,0.0
432,0.22222222222222224,0.11111111111111112,0.11111111111111112,0.11111111111111112,0.3333333333333333,0.11111111111111112,0.0,0.0,0.0
433,0.2,0.2,0.0,0.0,0.6,0.0,0.0,0.0,0.0
434,0.21428571428571425,0.21428571428571425,0.14285714285714285,0.07142857142857142,0.2857142857142857,0.07142857142857142,0.0,0.0,0.0
435,0.3,0.1,0.0,0.0,0.4,0.0,0.0,0.2,0.0
436,0.6,0.2,0.0,0.0,0.0,0.0,0.1,0.0,0.1
437,0.36363636363636365,0.6363636363636364,0.0,0.0,0.0,0.0,0.0,0.0,0.0
438,0.7928831374999481,0.18686090597799407,0.0,0.02025595652205805,0.0,0.0,0.0,0.0,0.0
439,0.08333333333333334,0.5833333333333334,0.0,0.16666666666666669,0.16666666666666669,0.0,0.0,0.0,0.0
440,0.25,0.16666666666666669,0.0,0.0,0.5833333333333334,0.0,0.0,0.0,0.0
441,0.0,0.0,0.0,0.25,0.625,0.125,0.0,0.0,0.0
442,0.1,0.3,0.2,0.0,0.0,0.0,0.4,0.0,0.0
443,0.0,0.0,0.0,0.0,0.6212121212121212,0.3787878787878788,0.0,0.0,0.0
444,0.14285714285714288,0.0,0.8571428571428571,0.0,0.0,0.0,0.0,0.0,0.0
445,0.2,0.2,0.2,0.2,0.1,0.0,0.1,0.0,0.0
446,0.0,0.0,0.0,0.0,0.8333333333333334,0.16666666666666669,0.0,0.0,0.0
447,0.0,0.0,1.0,0.0,0.0,0.0,0.0,0.0,0.0
448,0.15384615384615388,0.3846153846153847,0.0,0.0,0.4615384615384616,0.0,0.0,0.0,0.0
449,0.0,0.36363636363636365,0.0,0.0,0.2727272727272727,0.36363636363636365,0.0,0.0,0.0
450,0.9547722117994251,0.008418327572556427,0.0,0.024238181663554795,0.0,0.012571278964463644,0.0,0.0,0.0
451,0.14285714285714288,0.07142857142857144,0.07142857142857144,0.21428571428571427,0.5,0.0,0.0,0.0,0.0
452,0.09615384615384615,0.4807692307692307,0.0,0.09615384615384615,0.23076923076923073,0.09615384615384615,0.0,0.0,0.0
453,0.0,0.07692307692307693,0.3076923076923077,0.0,0.3076923076923077,0.0,0.23076923076923073,0.07692307692307693,0.0
454,0.09090909090909091,0.0,0.0,0.0,0.18181818181818182,0.7272727272727273,0.0,0.0,0.0
455,0.9547722117994251,0.008418327572556427,0.0,0.024238181663554795,0.0,0.012571278964463644,0.0,0.0,0.0
456,0.21428571428571427,0.6428571428571429,0.0,0.0,0.0,0.14285714285714288,0.0,0.0,0.0
457,0.33333333333333337,0.5,0.0,0.0,0.16666666666666669,0.0,0.0,0.0,0.0
458,0.46153846153846145,0.46153846153846145,0.0,0.0,0.07692307692307693,0.0,0.0,0.0,0.0
459,0.0,0.0,0.0,0.375,0.3125,0.3125,0.0,0.0,0.0
460,0.7928831374999481,0.18686090597799407,0.0,0.02025595652205805,0.0,0.0,0.0,0.0,0.0
461,0.9547722117994251,0.008418327572556427,0.0,0.024238181663554795,0.0,0.012571278964463644,0.0,0.0,0.0
462,0.0,0.09090909090909091,0.0,0.0,0.7272727272727273,0.18181818181818182,0.0,0.0,0.0
463,0.0,0.1,0.0,0.0,0.8,0.1,0.0,0.0,0.0
464,0.09090909090909091,0.0,0.0,0.0,0.5454545454545454,0.36363636363636365,0.0,0.0,0.0
465,0.125,0.0,0.0,0.0,0.875,0.0,0.0,0.0,0.0
466,0.3,0.1,0.1,0.0,0.5,0.0,0.0,0.0,0.0
467,0.22222222222222224,0.11111111111111112,0.11111111111111112,0.22222222222222224,0.22222222222222224,0.11111111111111112,0.0,0.0,0.0
468,0.0,0.0,0.5,0.25,0.25,0.0,0.0,0.0,0.0
469,0.07407407407407407,0.2222222222222222,0.0,0.0,0.2962962962962963,0.25925925925925924,0.07407407407407407,0.07407407407407407,0.0
470,0.07692307692307693,0.15384615384615385,0.5384615384615383,0.23076923076923073,0.0,0.0,0.0,0.0,0.0
471,0.2307692307692308,0.4615384615384616,0.0,0.0,0.0,0.0,0.30769230769230776,0.0,0.0
472,0.09090909090909093,0.09090909090909093,0.6363636363636364,0.0,0.18181818181818185,0.0,0.0,0.0,0.0
473,0.09999999999999998,0.0,0.0,0.19999999999999996,0.3999999999999999,0.19999999999999996,0.09999999999999998,0.0,0.0
474,0.24999999999999997,0.6666666666666666,0.0,0.0,0.0,0.0,0.0,0.08333333333333333,0.0
475,0.5,0.5,0.0,0.0,0.0,0.0,0.0,0.0,0.0
476,0.0,0.0,0.0,0.0,0.6057906458797327,0.39420935412026725,0.0,0.0,0.0
477,0.14285714285714288,0.28571428571428575,0.28571428571428575,0.0,0.28571428571428575,0.0,0.0,0.0,0.0
478,0.0,0.0,0.15384615384615388,0.3846153846153847,0.0,0.07692307692307694,0.3846153846153847,0.0,0.0
479,0.125,0.5,0.25,0.0,0.0,0.125,0.0,0.0,0.0
480,0.0,0.18181818181818182,0.0,0.18181818181818182,0.36363636363636365,0.09090909090909091,0.09090909090909091,0.09090909090909091,0.0
481,0.11111111111111112,0.3333333333333333,0.22222222222222224,0.0,0.22222222222222224,0.11111111111111112,0.0,0.0,0.0
482,0.0,0.0,0.0,0.0,0.0,0.9867424242424242,0.0,0.013257575757575756,0.0
483,0.24999999999999997,0.0,0.0,0.5833333333333333,0.08333333333333333,0.08333333333333333,0.0,0.0,0.0
484,0.0,0.14285714285714288,0.0,0.5714285714285715,0.28571428571428575,0.0,0.0,0.0,0.0
485,0.0,0.0,0.0,0.20000000000000007,0.7000000000000001,0.10000000000000003,0.0,0.0,0.0
486,0.5714285714285714,0.3571428571428571,0.0,0.0,0.0,0.0,0.07142857142857142,0.0,0.0
487,0.18181818181818182,0.0,0.0,0.0,0.8181818181818181,0.0,0.0,0.0,0.0
488,0.1,0.4,0.0,0.0,0.5,0.0,0.0,0.0,0.0
489,0.21428571428571425,0.2857142857142857,0.14285714285714285,0.07142857142857142,0.14285714285714285,0.07142857142857142,0.07142857142857142,0.0,0.0
490,0.125,0.0,0.0,0.875,0.0,0.0,0.0,0.0,0.0
491,0.6153846153846154,0.15384615384615385,0.0,0.0,0.15384615384615385,0.0,0.07692307692307693,0.0,0.0
492,0.12213740458015268,0.24427480916030536,0.12213740458015268,0.0,0.366412213740458,0.1450381679389313,0.0,0.0,0.0
493,0.0,0.22222222222222224,0.0,0.0,0.3333333333333333,0.4444444444444445,0.0,0.0,0.0
494,0.05434782608695652,0.3804347826086956,0.0,0.0,0.13043478260869565,0.05434782608695652,0.3804347826086956,0.0,0.0
495,0.3333333333333333,0.0,0.0,0.0,0.6666666666666666,0.0,0.0,0.0,0.0
496,0.6594982078853047,0.09318996415770607,0.08243727598566308,0.0,0.0,0.16487455197132617,0.0,0.0,0.0
497,0.0,0.14285714285714288,0.0,0.28571428571428575,0.28571428571428575,0.28571428571428575,0.0,0.0,0.0
498,0.08333333333333334,0.5833333333333334,0.0,0.0,0.08333333333333334,0.0,0.25,0.0,0.0
499,0.2727272727272727,0.0,0.0,0.40909090909090906,0.3181818181818182,0.0,0.0,0.0,0.0
500,0.07717661787475781,0.07539095980900862,0.0,0.04117249743814512,0.5888489043654259,0.15839733537567818,0.031505837533473705,0.027507847603510584,0.0
501,0.0,0.3333333333333333,0.0,0.0,0.6666666666666666,0.0,0.0,0.0,0.0
502,0.7928831374999481,0.18686090597799407,0.0,0.02025595652205805,0.0,0.0,0.0,0.0,0.0
503,0.11111111111111112,0.11111111111111112,0.11111111111111112,0.0,0.4444444444444445,0.11111111111111112,0.11111111111111112,0.0,0.0
504,0.20863649248795238,0.006803363885476707,0.0,0.10431824624397619,0.16517055655296228,0.41075309458565623,0.10431824624397619,0.0,0.0
505,0.27272727272727276,0.3636363636363637,0.18181818181818185,0.0,0.09090909090909093,0.09090909090909093,0.0,0.0,0.0
506,0.27272727272727276,0.5454545454545455,0.18181818181818185,0.0,0.0,0.0,0.0,0.0,0.0
507,0.0,1.0,0.0,0.0,0.0,0.0,0.0,0.0,0.0
508,0.16666666666666669,0.6666666666666667,0.0,0.0,0.16666666666666669,0.0,0.0,0.0,0.0
509,0.11111111111111112,0.5555555555555556,0.11111111111111112,0.0,0.22222222222222224,0.0,0.0,0.0,0.0
510,0.2307692307692308,0.15384615384615388,0.15384615384615388,0.15384615384615388,0.07692307692307694,0.0,0.0,0.2307692307692308,0.0
511,0.09090909090909091,0.09090909090909091,0.0,0.0,0.5454545454545454,0.18181818181818182,0.09090909090909091,0.0,0.0
512,0.14285714285714285,0.2857142857142857,0.14285714285714285,0.0,0.14285714285714285,0.07142857142857142,0.0,0.0,0.21428571428571425
513,0.0,0.10000000000000003,0.0,0.6000000000000001,0.20000000000000007,0.10000000000000003,0.0,0.0,0.0
514,0.5454545454545455,0.09090909090909093,0.09090909090909093,0.09090909090909093,0.18181818181818185,0.0,0.0,0.0,0.0
515,0.33333333333333326,0.33333333333333326,0.0,0.06666666666666665,0.06666666666666665,0.06666666666666665,0.1333333333333333,0.0,0.0
516,0.7000000000000001,0.0,0.20000000000000007,0.0,0.0,0.10000000000000003,0.0,0.0,0.0
517,0.15384615384615388,0.3846153846153847,0.15384615384615388,0.0,0.15384615384615388,0.0,0.15384615384615388,0.0,0.0
518,0.0,0.7777777777777778,0.11111111111111112,0.0,0.11111111111111112,0.0,0.0,0.0,0.0
519,0.08333333333333333,0.24999999999999997,0.0,0.0,0.5833333333333333,0.0,0.08333333333333333,0.0,0.0
520,0.2857142857142857,0.14285714285714285,0.0,0.0,0.5714285714285714,0.0,0.0,0.0,0.0
521,0.3333333333333333,0.0,0.0,0.0,0.0,0.6666666666666666,0.0,0.0,0.0
522,0.0,0.16666666666666669,0.0,0.0,0.6666666666666667,0.0,0.16666666666666669,0.0,0.0
523,0.11111111111111112,0.0,0.4444444444444445,0.0,0.22222222222222224,0.22222222222222224,0.0,0.0,0.0
524,0.0,0.8181818181818181,0.0,0.0,0.18181818181818182,0.0,0.0,0.0,0.0
525,0.0,0.125,0.0625,0.625,0.125,0.0,0.0625,0.0,0.0
526,0.0,0.14285714285714288,0.0,0.0,0.14285714285714288,0.0,0.0,0.0,0.7142857142857143
527,0.7928831374999481,0.18686090597799407,0.0,0.02025595652205805,0.0,0.0,0.0,0.0,0.0
528,0.4615384615384616,0.0,0.0,0.0,0.5384615384615385,0.0,0.0,0.0,0.0
529,0.19047619047619047,0.2857142857142857,0.0,0.0,0.14285714285714285,0.2857142857142857,0.09523809523809523,0.0,0.0
530,0.0,0.375,0.5,0.0,0.125,0.0,0.0,0.0,0.0
531,0.7928831374999481,0.18686090597799407,0.0,0.02025595652205805,0.0,0.0,0.0,0.0,0.0
532,0.2307692307692308,0.4615384615384616,0.07692307692307694,0.0,0.07692307692307694,0.0,0.15384615384615388,0.0,0.0
533,0.0,0.3333333333333333,0.0,0.0,0.6666666666666666,0.0,0.0,0.0,0.0
534,0.0,0.36363636363636365,0.09090909090909091,0.09090909090909091,0.36363636363636365,0.09090909090909091,0.0,0.0,0.0
535,0.1333333333333333,0.1333333333333333,0.0,0.4666666666666665,0.19999999999999996,0.06666666666666665,0.0,0.0,0.0
536,0.375,0.625,0.0,0.0,0.0,0.0,0.0,0.0,0.0
537,0.375,0.25,0.0,0.0,0.125,0.0,0.0,0.0,0.25
538,0.11111111111111112,0.22222222222222224,0.0,0.0,0.6666666666666666,0.0,0.0,0.0,0.0
539,0.0,0.0,0.0,0.0,0.888888888888889,0.11111111111111112,0.0,0.0,0.0
540,0.125,0.25,0.0,0.0,0.625,0.0,0.0,0.0,0.0
541,0.09090909090909091,0.36363636363636365,0.0,0.0,0.5454545454545454,0.0,0.0,0.0,0.0
542,0.25,0.0,0.75,0.0,0.0,0.0,0.0,0.0,0.0
543,0.0,0.22222222222222224,0.0,0.22222222222222224,0.4444444444444445,0.11111111111111112,0.0,0.0,0.0
544,0.0,0.16666666666666669,0.0,0.0,0.6666666666666667,0.16666666666666669,0.0,0.0,0.0
545,0.2033898305084746,0.2033898305084746,0.0,0.0,0.3898305084745763,0.2033898305084746,0.0,0.0,0.0
546,0.0,0.13333333333333333,0.13333333333333333,0.19999999999999998,0.5333333333333333,0.0,0.0,0.0,0.0
547,0.125,0.25,0.0,0.125,0.375,0.125,0.0,0.0,0.0
548,0.0,0.09090909090909091,0.2727272727272727,0.0,0.36363636363636365,0.2727272727272727,0.0,0.0,0.0
549,0.14285714285714285,0.0,0.14285714285714285,0.14285714285714285,0.4285714285714285,0.14285714285714285,0.0,0.0,0.0
550,0.0,0.5,0.14285714285714288,0.21428571428571427,0.14285714285714288,0.0,0.0,0.0,0.0
551,0.33333333333333337,0.16666666666666669,0.0,0.0,0.33333333333333337,0.0,0.0,0.0,0.16666666666666669
552,0.14285714285714288,0.14285714285714288,0.0,0.0,0.42857142857142855,0.28571428571428575,0.0,0.0,0.0
553,0.08333333333333333,0.08333333333333333,0.3333333333333333,0.0,0.24999999999999997,0.24999999999999997,0.0,0.0,0.0
554,0.22492273016864317,0.3530415492295955,0.0,0.0,0.28848784956412926,0.13354787103763188,0.0,0.0,0.0
555,0.5454545454545454,0.0,0.0,0.0,0.18181818181818182,0.09090909090909091,0.09090909090909091,0.0,0.09090909090909091
556,0.18181818181818182,0.0,0.0,0.0,0.36363636363636365,0.45454545454545453,0.0,0.0,0.0
557,0.0,0.0,0.0,0.3333333333333333,0.6666666666666666,0.0,0.0,0.0,0.0
558,0.0,0.0,0.75,0.0,0.25,0.0,0.0,0.0,0.0
559,0.0,0.0,0.25,0.125,0.125,0.5,0.0,0.0,0.0
560,0.07142857142857144,0.28571428571428575,0.14285714285714288,0.14285714285714288,0.28571428571428575,0.07142857142857144,0.0,0.0,0.0
561,0.18181818181818182,0.09090909090909091,0.18181818181818182,0.2727272727272727,0.2727272727272727,0.0,0.0,0.0,0.0
562,0.15384615384615388,0.3846153846153847,0.0,0.07692307692307694,0.2307692307692308,0.15384615384615388,0.0,0.0,0.0
563,0.11111111111111112,0.11111111111111112,0.0,0.0,0.3333333333333333,0.4444444444444445,0.0,0.0,0.0
564,0.0,0.45454545454545453,0.0,0.0,0.45454545454545453,0.09090909090909091,0.0,0.0,0.0
565,0.14285714285714285,0.0,0.4285714285714285,0.0,0.2857142857142857,0.14285714285714285,0.0,0.0,0.0
566,0.0,0.4444444444444445,0.0,0.11111111111111112,0.22222222222222224,0.0,0.22222222222222224,0.0,0.0
567,0.0,0.0,0.125,0.125,0.625,0.125,0.0,0.0,0.0
568,0.0,0.15384615384615383,0.30769230769230765,0.0,0.4615384615384614,0.0,0.07692307692307691,0.0,0.0
569,0.125,0.625,0.0,0.125,0.125,0.0,0.0,0.0,0.0
570,0.6,0.4,0.0,0.0,0.0,0.0,0.0,0.0,0.0
571,0.0,0.0,0.0,0.4,0.4,0.0,0.2,0.0,0.0
572,0.18181818181818182,0.09090909090909091,0.09090909090909091,0.0,0.36363636363636365,0.09090909090909091,0.18181818181818182,0.0,0.0
573,0.0,0.0,0.0,0.0,1.0,0.0,0.0,0.0,0.0
574,0.0,0.06666666666666667,0.13333333333333333,0.0,0.13333333333333333,0.5333333333333333,0.13333333333333333,0.0,0.0
575,0.14285714285714288,0.28571428571428575,0.0,0.0,0.28571428571428575,0.14285714285714288,0.14285714285714288,0.0,0.0
576,0.07692307692307694,0.30769230769230776,0.15384615384615388,0.0,0.4615384615384616,0.0,0.0,0.0,0.0
577,0.09090909090909091,0.09090909090909091,0.0,0.2727272727272727,0.2727272727272727,0.2727272727272727,0.0,0.0,0.0
578,0.0,0.09090909090909088,0.18181818181818177,0.27272727272727265,0.27272727272727265,0.09090909090909088,0.09090909090909088,0.0,0.0
579,0.07142857142857142,0.2857142857142857,0.07142857142857142,0.0,0.3571428571428571,0.07142857142857142,0.14285714285714285,0.0,0.0
580,0.28571428571428575,0.14285714285714288,0.14285714285714288,0.14285714285714288,0.14285714285714288,0.14285714285714288,0.0,0.0,0.0
581,0.0,0.08333333333333333,0.08333333333333333,0.08333333333333333,0.49999999999999994,0.16666666666666666,0.08333333333333333,0.0,0.0
582,0.0,0.0,0.14634146341463414,0.14634146341463414,0.5853658536585366,0.12195121951219509,0.0,0.0,0.0
583,0.14285714285714288,0.5714285714285715,0.14285714285714288,0.0,0.0,0.14285714285714288,0.0,0.0,0.0
584,0.6888519134775375,0.0815307820299501,0.0,0.15307820299500832,0.07653910149750416,0.0,0.0,0.0,0.0
585,0.0,0.875,0.0,0.0,0.0,0.125,0.0,0.0,0.0
586,0.21428571428571427,0.14285714285714288,0.5,0.14285714285714288,0.0,0.0,0.0,0.0,0.0
587,0.10000000000000003,0.30000000000000004,0.0,0.0,0.10000000000000003,0.10000000000000003,0.30000000000000004,0.10000000000000003,0.0
588,0.3,0.0,0.1,0.0,0.2,0.4,0.0,0.0,0.0
589,0.0,0.3571428571428571,0.4285714285714285,0.14285714285714285,0.0,0.07142857142857142,0.0,0.0,0.0
590,0.0,0.0,0.125,0.0,0.875,0.0,0.0,0.0,0.0
591,0.3333333333333333,0.22222222222222224,0.0,0.0,0.4444444444444445,0.0,0.0,0.0,0.0
592,0.125,0.0625,0.0,0.125,0.25,0.4375,0.0,0.0,0.0
593,0.13333333333333333,0.5333333333333333,0.26666666666666666,0.06666666666666667,0.0,0.0,0.0,0.0,0.0
594,0.0,0.18181818181818182,0.36363636363636365,0.18181818181818182,0.09090909090909091,0.18181818181818182,0.0,0.0,0.0
595,0.0,0.11111111111111112,0.0,0.0,0.888888888888889,0.0,0.0,0.0,0.0
596,0.0,0.42857142857142855,0.07142857142857144,0.14285714285714288,0.28571428571428575,0.0,0.07142857142857144,0.0,0.0
597,0.6,0.2,0.0,0.0,0.2,0.0,0.0,0.0,0.0
598,0.11111111111111112,0.0,0.11111111111111112,0.22222222222222224,0.4444444444444445,0.11111111111111112,0.0,0.0,0.0
599,0.07692307692307693,0.3076923076923077,0.0,0.15384615384615385,0.23076923076923073,0.23076923076923073,0.0,0.0,0.0
600,0.0,0.0,0.0,0.0,0.888888888888889,0.0,0.11111111111111112,0.0,0.0
601,0.0,0.5,0.0,0.0,0.4,0.0,0.0,0.0,0.1
602,0.3,0.1,0.2,0.0,0.2,0.2,0.0,0.0,0.0
603,0.0,0.0,0.22222222222222224,0.0,0.22222222222222224,0.3333333333333333,0.0,0.0,0.22222222222222224
604,0.18181818181818177,0.09090909090909088,0.36363636363636354,0.18181818181818177,0.09090909090909088,0.0,0.09090909090909088,0.0,0.0
605,0.0,0.2222222222222222,0.0,0.0,0.1111111111111111,0.4444444444444444,0.0,0.0,0.2222222222222222
606,0.2929936305732484,0.23821656050955411,0.0,0.05859872611464968,0.11719745222929936,0.2929936305732484,0.0,0.0,0.0
607,0.0,0.28571428571428575,0.28571428571428575,0.0,0.14285714285714288,0.14285714285714288,0.14285714285714288,0.0,0.0
608,0.11111111111111112,0.11111111111111112,0.0,0.0,0.3333333333333333,0.4444444444444445,0.0,0.0,0.0
609,0.1875,0.4375,0.0,0.0,0.3125,0.0,0.0625,0.0,0.0
610,0.3333333333333333,0.0,0.22222222222222224,0.3333333333333333,0.0,0.11111111111111112,0.0,0.0,0.0
611,0.22009569377990432,0.22009569377990432,0.0,0.11004784688995216,0.22009569377990432,0.2296650717703349,0.0,0.0,0.0
612,0.0,0.0,0.0,0.125,0.375,0.125,0.25,0.0,0.125
613,0.2,0.0,0.0,0.1,0.4,0.3,0.0,0.0,0.0
614,0.18181818181818182,0.09090909090909091,0.0,0.18181818181818182,0.45454545454545453,0.09090909090909091,0.0,0.0,0.0
615,0.5714285714285715,0.14285714285714288,0.0,0.14285714285714288,0.0,0.0,0.0,0.0,0.14285714285714288
616,0.3846153846153847,0.15384615384615388,0.07692307692307694,0.07692307692307694,0.07692307692307694,0.2307692307692308,0.0,0.0,0.0
617,0.0,0.14285714285714285,0.0,0.2857142857142857,0.4285714285714285,0.14285714285714285,0.0,0.0,0.0
618,0.0,0.875,0.125,0.0,0.0,0.0,0.0,0.0,0.0
619,0.11764705882352942,0.11764705882352942,0.23529411764705885,0.4117647058823529,0.0,0.0,0.11764705882352942,0.0,0.0
620,0.0,0.0,0.0,0.16895817799635743,0.5926610763122813,0.2383807456913613,0.0,0.0,0.0
621,0.27272727272727276,0.27272727272727276,0.09090909090909093,0.0,0.18181818181818185,0.0,0.18181818181818185,0.0,0.0
622,0.0,0.0,0.1,0.3,0.6,0.0,0.0,0.0,0.0
623,0.0,0.0,0.0,0.0,0.4444444444444445,0.5555555555555556,0.0,0.0,0.0
624,0.11111111111111112,0.7777777777777778,0.0,0.0,0.0,0.0,0.0,0.0,0.11111111111111112
625,0.9547722117994251,0.008418327572556427,0.0,0.024238181663554795,0.0,0.012571278964463644,0.0,0.0,0.0
626,0.0,0.6666666666666666,0.0,0.0,0.0,0.3333333333333333,0.0,0.0,0.0
627,0.3333333333333333,0.6666666666666666,0.0,0.0,0.0,0.0,0.0,0.0,0.0
628,0.0,0.5454545454545455,0.09090909090909093,0.0,0.18181818181818185,0.18181818181818185,0.0,0.0,0.0
629,0.0,0.7000000000000001,0.0,0.0,0.20000000000000007,0.10000000000000003,0.0,0.0,0.0
630,0.0,0.0,0.0,0.0,0.7272727272727273,0.2727272727272727,0.0,0.0,0.0
631,0.08333333333333333,0.3333333333333333,0.0,0.0,0.49999999999999994,0.0,0.0,0.0,0.08333333333333333
632,0.0,0.15384615384615385,0.0,0.0,0.7692307692307692,0.07692307692307693,0.0,0.0,0.0
633,0.0,0.16666666666666666,0.0,0.3333333333333333,0.24999999999999997,0.24999999999999997,0.0,0.0,0.0
634,0.0,0.0,0.11111111111111112,0.0,0.5555555555555556,0.22222222222222224,0.0,0.11111111111111112,0.0
635,0.0,0.0,0.0,0.0,1.0,0.0,0.0,0.0,0.0
636,0.3333333333333333,0.3333333333333333,0.3333333333333333,0.0,0.0,0.0,0.0,0.0,0.0
637,0.2857142857142857,0.5714285714285714,0.0,0.0,0.0,0.14285714285714285,0.0,0.0,0.0
638,0.0,0.14285714285714288,0.42857142857142855,0.14285714285714288,0.0,0.0,0.28571428571428575,0.0,0.0
639,0.2727272727272727,0.09090909090909091,0.09090909090909091,0.0,0.45454545454545453,0.09090909090909091,0.0,0.0,0.0
640,0.14285714285714288,0.0,0.0,0.5714285714285715,0.14285714285714288,0.14285714285714288,0.0,0.0,0.0
641,0.6363636363636364,0.09090909090909093,0.09090909090909093,0.0,0.18181818181818185,0.0,0.0,0.0,0.0
642,0.22222222222222224,0.0,0.0,0.0,0.0,0.22222222222222224,0.5555555555555556,0.0,0.0
643,0.06666666666666665,0.2666666666666666,0.0,0.0,0.3999999999999999,0.06666666666666665,0.19999999999999996,0.0,0.0
644,0.09090909090909091,0.0,0.0,0.0,0.5454545454545454,0.36363636363636365,0.0,0.0,0.0
645,0.0,0.06666666666666667,0.4666666666666666,0.06666666666666667,0.3333333333333333,0.06666666666666667,0.0,0.0,0.0
646,0.09090909090909091,0.7272727272727273,0.0,0.0,0.18181818181818182,0.0,0.0,0.0,0.0
647,0.0,0.2,0.2,0.0,0.6,0.0,0.0,0.0,0.0
648,0.0,1.0,0.0,0.0,0.0,0.0,0.0,0.0,0.0
649,0.4444444444444445,0.5555555555555556,0.0,0.0,0.0,0.0,0.0,0.0,0.0
650,0.0,0.888888888888889,0.0,0.0,0.11111111111111112,0.0,0.0,0.0,0.0
651,0.0,0.11111111111111112,0.11111111111111112,0.4444444444444445,0.22222222222222224,0.11111111111111112,0.0,0.0,0.0
652,0.0,0.14285714285714288,0.0,0.0,0.5714285714285715,0.28571428571428575,0.0,0.0,0.0
653,0.30000000000000004,0.40000000000000013,0.0,0.0,0.20000000000000007,0.10000000000000003,0.0,0.0,0.0
654,0.7928831374999481,0.18686090597799407,0.0,0.02025595652205805,0.0,0.0,0.0,0.0,0.0
655,0.24999999999999997,0.6666666666666666,0.0,0.0,0.0,0.08333333333333333,0.0,0.0,0.0
656,0.2,0.8,0.0,0.0,0.0,0.0,0.0,0.0,0.0
657,0.0,0.18181818181818182,0.0,0.8181818181818181,0.0,0.0,0.0,0.0,0.0
658,0.0,0.6363636363636364,0.0,0.0,0.36363636363636365,0.0,0.0,0.0,0.0
659,0.22222222222222224,0.22222222222222224,0.0,0.0,0.5555555555555556,0.0,0.0,0.0,0.0
660,0.0,0.4444444444444445,0.0,0.0,0.3333333333333333,0.22222222222222224,0.0,0.0,0.0
661,0.0,0.25,0.0,0.0,0.375,0.375,0.0,0.0,0.0
662,0.0,0.7142857142857143,0.0,0.0,0.2857142857142857,0.0,0.0,0.0,0.0
663,0.4615384615384614,0.3846153846153845,0.07692307692307691,0.0,0.07692307692307691,0.0,0.0,0.0,0.0
664,0.4444444444444444,0.2222222222222222,0.0,0.0,0.0,0.33333333333333326,0.0,0.0,0.0
665,0.0,0.0,0.3333333333333333,0.41666666666666663,0.16666666666666666,0.08333333333333333,0.0,0.0,0.0
666,0.2727272727272727,0.6363636363636364,0.09090909090909091,0.0,0.0,0.0,0.0,0.0,0.0
667,0.0,0.0,0.0,0.0,1.0,0.0,0.0,0.0,0.0
668,0.0,0.0,0.0,0.11111111111111112,0.888888888888889,0.0,0.0,0.0,0.0
669,0.08108108108108109,0.4054054054054054,0.16216216216216217,0.27027027027027023,0.0,0.08108108108108109,0.0,0.0,0.0
670,0.0,0.2,0.0,0.0,0.4,0.4,0.0,0.0,0.0
671,0.3333333333333333,0.6666666666666666,0.0,0.0,0.0,0.0,0.0,0.0,0.0
672,0.3076923076923077,0.0,0.3846153846153846,0.3076923076923077,0.0,0.0,0.0,0.0,0.0
673,0.25,0.5833333333333334,0.16666666666666669,0.0,0.0,0.0,0.0,0.0,0.0
674,0.07692307692307693,0.23076923076923073,0.0,0.07692307692307693,0.5384615384615383,0.07692307692307693,0.0,0.0,0.0
675,0.25,0.375,0.0,0.0625,0.1875,0.0,0.0,0.0,0.125
676,0.0,0.11111111111111112,0.6666666666666666,0.0,0.11111111111111112,0.11111111111111112,0.0,0.0,0.0
677,0.133172648533865,0.2825685442435126,0.0665863242669325,0.133172648533865,0.3054285743548426,0.07907126006698234,0.0,0.0,0.0
678,0.35714285714285704,0.42857142857142844,0.07142857142857141,0.07142857142857141,0.07142857142857141,0.0,0.0,0.0,0.0
679,0.2,0.0,0.0,0.0,0.6,0.0,0.2,0.0,0.0
680,0.125,0.875,0.0,0.0,0.0,0.0,0.0,0.0,0.0
681,0.0,0.0,0.3,0.5,0.0,0.1,0.1,0.0,0.0
682,0.0,0.0,0.36363636363636365,0.0,0.18181818181818182,0.09090909090909091,0.0,0.0,0.36363636363636365
683,0.28571428571428575,0.42857142857142855,0.14285714285714288,0.14285714285714288,0.0,0.0,0.0,0.0,0.0
684,0.13333333333333333,0.5333333333333333,0.13333333333333333,0.0,0.19999999999999998,0.0,0.0,0.0,0.0
685,0.0,0.8,0.0,0.0,0.1,0.1,0.0,0.0,0.0
686,0.3,0.2,0.0,0.1,0.1,0.3,0.0,0.0,0.0
687,0.0,0.0,0.2,0.0,0.0,0.2,0.4,0.0,0.2
688,0.09090909090909091,0.09090909090909091,0.5454545454545454,0.09090909090909091,0.09090909090909091,0.09090909090909091,0.0,0.0,0.0
689,0.0,0.29411764705882354,0.11764705882352942,0.0,0.35294117647058826,0.11764705882352942,0.05882352941176471,0.05882352941176471,0.0
690,0.23255813953488366,0.4651162790697673,0.17441860465116274,0.058139534883720916,0.058139534883720916,0.011627906976744182,0.0,0.0,0.0
691,0.0,0.1111111111111111,0.33333333333333326,0.0,0.2222222222222222,0.0,0.33333333333333326,0.0,0.0
692,0.8,0.1,0.1,0.0,0.0,0.0,0.0,0.0,0.0
693,0.4444444444444445,0.11111111111111112,0.0,0.22222222222222224,0.11111111111111112,0.0,0.11111111111111112,0.0,0.0
694,0.15384615384615385,0.46153846153846145,0.0,0.0,0.23076923076923073,0.15384615384615385,0.0,0.0,0.0
695,0.26666666666666666,0.39999999999999997,0.0,0.13333333333333333,0.06666666666666667,0.0,0.0,0.0,0.13333333333333333
696,0.0,1.0,0.0,0.0,0.0,0.0,0.0,0.0,0.0
697,0.25,0.625,0.0,0.0,0.0,0.0,0.0,0.0,0.125
698,0.19689119170984457,0.19689119170984457,0.0,0.0,0.39378238341968913,0.11398963730569947,0.09844559585492228,0.0,0.0
699,0.2727272727272727,0.2727272727272727,0.0,0.0,0.0,0.45454545454545453,0.0,0.0,0.0
700,0.14285714285714285,0.14285714285714285,0.0,0.4285714285714285,0.07142857142857142,0.14285714285714285,0.07142857142857142,0.0,0.0
701,0.1,0.0,0.3,0.1,0.5,0.0,0.0,0.0,0.0
702,0.0,0.22222222222222224,0.11111111111111112,0.0,0.6666666666666666,0.0,0.0,0.0,0.0
703,0.11111111111111112,0.6666666666666666,0.0,0.11111111111111112,0.11111111111111112,0.0,0.0,0.0,0.0
704,0.3333333333333333,0.41666666666666663,0.0,0.0,0.16666666666666666,0.0,0.08333333333333333,0.0,0.0
705,0.27272727272727276,0.5454545454545455,0.0,0.0,0.09090909090909093,0.09090909090909093,0.0,0.0,0.0
706,0.24999999999999997,0.24999999999999997,0.0,0.41666666666666663,0.08333333333333333,0.0,0.0,0.0,0.0
707,0.0,0.25,0.25,0.375,0.125,0.0,0.0,0.0,0.0
708,0.0,0.2656641604010025,0.13283208020050125,0.0,0.07017543859649122,0.3984962406015037,0.13283208020050125,0.0,0.0
709,0.0,0.23076923076923073,0.07692307692307693,0.0,0.0,0.3076923076923077,0.0,0.3846153846153846,0.0
710,0.16666666666666666,0.3333333333333333,0.0,0.08333333333333333,0.41666666666666663,0.0,0.0,0.0,0.0
711,0.375,0.125,0.0,0.0,0.5,0.0,0.0,0.0,0.0
712,0.0,0.6,0.0,0.0,0.0,0.2,0.0,0.0,0.2
713,0.36363636363636365,0.0,0.0,0.0,0.45454545454545453,0.09090909090909091,0.0,0.0,0.09090909090909091
714,0.07142857142857144,0.21428571428571427,0.0,0.14285714285714288,0.28571428571428575,0.28571428571428575,0.0,0.0,0.0
715,0.0,0.3333333333333333,0.0,0.0,0.5555555555555556,0.11111111111111112,0.0,0.0,0.0
716,0.4,0.4,0.0,0.0,0.2,0.0,0.0,0.0,0.0
717,0.0,0.0,0.0,0.16895817799635743,0.5926610763122813,0.2383807456913613,0.0,0.0,0.0
718,0.45454545454545453,0.09090909090909091,0.18181818181818182,0.09090909090909091,0.0,0.09090909090909091,0.09090909090909091,0.0,0.0
719,0.09090909090909091,0.09090909090909091,0.09090909090909091,0.0,0.7272727272727273,0.0,0.0,0.0,0.0
720,0.375,0.25,0.125,0.0,0.0,0.25,0.0,0.0,0.0
721,0.15384615384615383,0.30769230769230765,0.0,0.4615384615384614,0.0,0.0,0.0,0.0,0.07692307692307691
722,0.14285714285714288,0.8571428571428571,0.0,0.0,0.0,0.0,0.0,0.0,0.0
723,0.08333333333333331,0.2499999999999999,0.16666666666666663,0.2499999999999999,0.08333333333333331,0.08333333333333331,0.08333333333333331,0.0,0.0
724,0.0,0.0,0.6666666666666667,0.0,0.16666666666666669,0.16666666666666669,0.0,0.0,0.0
725,0.09090909090909091,0.2727272727272727,0.09090909090909091,0.0,0.2727272727272727,0.09090909090909091,0.18181818181818182,0.0,0.0
726,0.05882352941176472,0.23529411764705888,0.05882352941176472,0.41176470588235303,0.0,0.0,0.23529411764705888,0.0,0.0
727,0.25,0.0,0.0,0.0,0.75,0.0,0.0,0.0,0.0
728,0.0,0.0,0.0,0.0,0.875,0.0,0.125,0.0,0.0
729,0.15384615384615385,0.6153846153846154,0.0,0.15384615384615385,0.0,0.07692307692307693,0.0,0.0,0.0
730,0.11111111111111112,0.4444444444444445,0.0,0.22222222222222224,0.22222222222222224,0.0,0.0,0.0,0.0
731,0.0,0.2,0.0,0.1,0.2,0.5,0.0,0.0,0.0
732,0.42857142857142855,0.28571428571428575,0.0,0.0,0.14285714285714288,0.0,0.0,0.0,0.14285714285714288
733,0.11111111111111112,0.888888888888889,0.0,0.0,0.0,0.0,0.0,0.0,0.0
734,0.0,0.0,0.0,0.0,0.8059701492537313,0.1940298507462687,0.0,0.0,0.0
735,0.0,1.0,0.0,0.0,0.0,0.0,0.0,0.0,0.0
736,0.0,0.1,0.0,0.0,0.6,0.3,0.0,0.0,0.0
737,0.18181818181818185,0.18181818181818185,0.09090909090909093,0.09090909090909093,0.27272727272727276,0.18181818181818185,0.0,0.0,0.0
738,0.0,0.2,0.1,0.0,0.2,0.5,0.0,0.0,0.0
739,0.16666666666666669,0.25,0.08333333333333334,0.16666666666666669,0.16666666666666669,0.16666666666666669,0.0,0.0,0.0
740,0.3333333333333333,0.3333333333333333,0.0,0.0,0.0,0.22222222222222224,0.11111111111111112,0.0,0.0
741,0.0,0.1111111111111111,0.2222222222222222,0.0,0.33333333333333326,0.33333333333333326,0.0,0.0,0.0
742,0.0,0.0,0.0,0.0,0.0,0.9867424242424242,0.0,0.013257575757575756,0.0
743,0.0,0.33333333333333337,0.16666666666666669,0.33333333333333337,0.0,0.0,0.0,0.0,0.16666666666666669
744,0.0,0.0,0.0,0.0,0.5666666666666667,0.4333333333333333,0.0,0.0,0.0
745,0.06666666666666667,0.13333333333333333,0.0,0.06666666666666667,0.19999999999999998,0.0,0.5333333333333333,0.0,0.0
746,0.16666666666666669,0.0,0.33333333333333337,0.33333333333333337,0.16666666666666669,0.0,0.0,0.0,0.0
747,0.30000000000000004,0.40000000000000013,0.10000000000000003,0.0,0.10000000000000003,0.10000000000000003,0.0,0.0,0.0
748,0.34285714285714286,0.08571428571428572,0.0,0.17142857142857143,0.3142857142857142,0.08571428571428572,0.0,0.0,0.0
749,0.28220858895705525,0.14110429447852763,0.0,0.14110429447852763,0.14110429447852763,0.294478527607362,0.0,0.0,0.0
750,0.16666666666666669,0.16666666666666669,0.0,0.0,0.16666666666666669,0.0,0.33333333333333337,0.16666666666666669,0.0
751,0.0,0.3333333333333333,0.0,0.0,0.6666666666666666,0.0,0.0,0.0,0.0
752,0.5,0.0,0.1,0.2,0.2,0.0,0.0,0.0,0.0
753,0.09932659932659935,0.5033670033670035,0.0,0.0,0.09932659932659935,0.09932659932659935,0.1986531986531987,0.0,0.0
754,0.30000000000000004,0.30000000000000004,0.10000000000000003,0.0,0.20000000000000007,0.10000000000000003,0.0,0.0,0.0
755,0.18181818181818182,0.5454545454545454,0.09090909090909091,0.0,0.09090909090909091,0.0,0.09090909090909091,0.0,0.0
756,0.4,0.4,0.1,0.0,0.1,0.0,0.0,0.0,0.0
757,0.22222222222222224,0.22222222222222224,0.22222222222222224,0.11111111111111112,0.11111111111111112,0.0,0.11111111111111112,0.0,0.0
758,0.21428571428571427,0.07142857142857144,0.35714285714285715,0.35714285714285715,0.0,0.0,0.0,0.0,0.0
759,0.0,0.07142857142857142,0.07142857142857142,0.4285714285714285,0.14285714285714285,0.0,0.21428571428571425,0.07142857142857142,0.0
760,0.33333333333333337,0.16666666666666669,0.33333333333333337,0.0,0.16666666666666669,0.0,0.0,0.0,0.0
761,0.35714285714285715,0.6428571428571429,0.0,0.0,0.0,0.0,0.0,0.0,0.0
762,0.0,0.7272727272727273,0.0,0.09090909090909091,0.09090909090909091,0.0,0.09090909090909091,0.0,0.0
763,0.19999999999999998,0.19999999999999998,0.4666666666666666,0.0,0.0,0.06666666666666667,0.06666666666666667,0.0,0.0
764,0.07142857142857144,0.5,0.0,0.07142857142857144,0.21428571428571427,0.14285714285714288,0.0,0.0,0.0
765,0.0,0.0,0.0,0.0,0.942857142857143,0.057142857142857155,0.0,0.0,0.0
766,0.0,0.0,0.7142857142857143,0.0,0.0,0.28571428571428575,0.0,0.0,0.0
767,0.0,0.36363636363636365,0.0,0.0,0.45454545454545453,0.18181818181818182,0.0,0.0,0.0
768,0.0,0.3333333333333333,0.0,0.0,0.6666666666666666,0.0,0.0,0.0,0.0
769,0.0,0.0,0.0,0.42857142857142855,0.28571428571428575,0.28571428571428575,0.0,0.0,0.0
770,0.0,0.5,0.33333333333333337,0.16666666666666669,0.0,0.0,0.0,0.0,0.0
771,0.0,0.0,0.0,0.0,0.888888888888889,0.11111111111111112,0.0,0.0,0.0
772,0.0,0.2857142857142857,0.0,0.0,0.5714285714285714,0.0,0.14285714285714285,0.0,0.0
773,0.3,0.3,0.0,0.0,0.2,0.1,0.0,0.0,0.1
774,0.24999999999999997,0.41666666666666663,0.0,0.08333333333333333,0.08333333333333333,0.0,0.08333333333333333,0.0,0.08333333333333333
775,0.23076923076923073,0.23076923076923073,0.15384615384615385,0.15384615384615385,0.15384615384615385,0.07692307692307693,0.0,0.0,0.0
776,0.2,0.2,0.0,0.2,0.4,0.0,0.0,0.0,0.0
777,0.7928831374999481,0.18686090597799407,0.0,0.02025595652205805,0.0,0.0,0.0,0.0,0.0
778,0.0,0.5862831858407079,0.1172566371681416,0.0,0.2964601769911504,0.0,0.0,0.0,0.0
779,0.5454545454545455,0.27272727272727276,0.09090909090909093,0.0,0.09090909090909093,0.0,0.0,0.0,0.0
780,0.0,0.26280623608017817,0.0,0.0,0.3429844097995545,0.39420935412026725,0.0,0.0,0.0
781,0.11111111111111112,0.0,0.3333333333333333,0.0,0.3333333333333333,0.11111111111111112,0.11111111111111112,0.0,0.0
782,0.18181818181818182,0.36363636363636365,0.09090909090909091,0.0,0.18181818181818182,0.0,0.0,0.18181818181818182,0.0
783,0.15384615384615385,0.23076923076923073,0.0,0.0,0.3846153846153846,0.23076923076923073,0.0,0.0,0.0
784,0.30769230769230765,0.30769230769230765,0.15384615384615383,0.07692307692307691,0.0,0.07692307692307691,0.07692307692307691,0.0,0.0
785,0.0,0.5272206303724928,0.0,0.0,0.329512893982808,0.1432664756446991,0.0,0.0,0.0
786,0.0,0.3,0.0,0.0,0.7,0.0,0.0,0.0,0.0
787,0.0,0.08695652173913045,0.0,0.08695652173913045,0.6086956521739131,0.2173913043478261,0.0,0.0,0.0
788,0.0,0.11111111111111112,0.22222222222222224,0.0,0.22222222222222224,0.3333333333333333,0.11111111111111112,0.0,0.0
789,0.4,0.6,0.0,0.0,0.0,0.0,0.0,0.0,0.0
790,0.07692307692307693,0.3076923076923077,0.0,0.0,0.23076923076923073,0.15384615384615385,0.0,0.23076923076923073,0.0
791,0.0625,0.0625,0.1875,0.0,0.4375,0.125,0.125,0.0,0.0
792,0.2222222222222222,0.4444444444444444,0.0,0.0,0.33333333333333326,0.0,0.0,0.0,0.0
793,0.16666666666666669,0.25,0.16666666666666669,0.08333333333333334,0.08333333333333334,0.0,0.0,0.08333333333333334,0.16666666666666669
794,0.0,0.16666666666666666,0.16666666666666666,0.16666666666666666,0.49999999999999994,0.0,0.0,0.0,0.0
795,0.1,0.6,0.0,0.0,0.1,0.2,0.0,0.0,0.0
796,0.0,0.0,0.11111111111111112,0.0,0.11111111111111112,0.3333333333333333,0.0,0.0,0.4444444444444445
797,0.0,0.5714285714285714,0.2857142857142857,0.14285714285714285,0.0,0.0,0.0,0.0,0.0
798,0.14285714285714288,0.35714285714285715,0.07142857142857144,0.07142857142857144,0.14285714285714288,0.14285714285714288,0.07142857142857144,0.0,0.0
799,0.375,0.0,0.0,0.25,0.375,0.0,0.0,0.0,0.0
800,0.0,0.09090909090909091,0.09090909090909091,0.0,0.36363636363636365,0.45454545454545453,0.0,0.0,0.0
801,0.0,0.14285714285714288,0.14285714285714288,0.0,0.7142857142857143,0.0,0.0,0.0,0.0
802,0.0,0.14285714285714288,0.0,0.0,0.8571428571428571,0.0,0.0,0.0,0.0
803,0.11111111111111112,0.11111111111111112,0.22222222222222224,0.0,0.4444444444444445,0.0,0.11111111111111112,0.0,0.0
804,0.0,0.625,0.0,0.125,0.125,0.125,0.0,0.0,0.0
805,0.0,0.2857142857142857,0.07142857142857142,0.14285714285714285,0.21428571428571425,0.21428571428571425,0.07142857142857142,0.0,0.0
806,0.0,0.1875,0.1875,0.0,0.1875,0.3125,0.125,0.0,0.0
807,0.09523809523809523,0.09523809523809523,0.0,0.09523809523809523,0.42857142857142855,0.2857142857142857,0.0,0.0,0.0
808,0.9547722117994251,0.008418327572556427,0.0,0.024238181663554795,0.0,0.012571278964463644,0.0,0.0,0.0
809,0.0,0.0,0.0,0.16895817799635743,0.5926610763122813,0.2383807456913613,0.0,0.0,0.0
810,0.07692307692307693,0.15384615384615385,0.0,0.0,0.15384615384615385,0.6153846153846154,0.0,0.0,0.0
811,0.6,0.2,0.0,0.0,0.2,0.0,0.0,0.0,0.0
812,0.07717661787475781,0.07539095980900862,0.0,0.04117249743814512,0.5888489043654259,0.15839733537567818,0.031505837533473705,0.027507847603510584,0.0
813,0.0,0.0,0.33333333333333337,0.16666666666666669,0.0,0.33333333333333337,0.16666666666666669,0.0,0.0
814,0.0,0.0,0.25,0.25,0.33333333333333337,0.0,0.16666666666666669,0.0,0.0
815,0.29293828759545587,0.22466877141854877,0.29293828759545587,0.0,0.11622008149167543,0.0,0.07323457189886397,0.0,0.0
816,0.0,0.42857142857142855,0.0,0.0,0.5714285714285715,0.0,0.0,0.0,0.0
817,0.0,0.0,0.16666666666666669,0.33333333333333337,0.16666666666666669,0.0,0.16666666666666669,0.0,0.16666666666666669
818,0.7928831374999481,0.18686090597799407,0.0,0.02025595652205805,0.0,0.0,0.0,0.0,0.0
819,0.07717661787475781,0.07539095980900862,0.0,0.04117249743814512,0.5888489043654259,0.15839733537567818,0.031505837533473705,0.027507847603510584,0.0
820,0.9547722117994251,0.008418327572556427,0.0,0.024238181663554795,0.0,0.012571278964463644,0.0,0.0,0.0
821,0.2727272727272727,0.0,0.09090909090909091,0.0,0.6363636363636364,0.0,0.0,0.0,0.0
822,0.18181818181818182,0.45454545454545453,0.09090909090909091,0.0,0.18181818181818182,0.0,0.0,0.09090909090909091,0.0
823,0.2,0.3,0.0,0.1,0.2,0.2,0.0,0.0,0.0
824,0.0,1.0,0.0,0.0,0.0,0.0,0.0,0.0,0.0
825,0.1111111111111111,0.4444444444444444,0.16666666666666663,0.05555555555555555,0.0,0.16666666666666663,0.0,0.0,0.05555555555555555
826,0.11111111111111112,0.0,0.11111111111111112,0.0,0.7777777777777778,0.0,0.0,0.0,0.0
827,0.0,0.7,0.0,0.0,0.3,0.0,0.0,0.0,0.0
828,0.0,0.21428571428571427,0.07142857142857144,0.07142857142857144,0.28571428571428575,0.35714285714285715,0.0,0.0,0.0
829,0.0,0.4285714285714285,0.21428571428571425,0.0,0.21428571428571425,0.07142857142857142,0.07142857142857142,0.0,0.0
830,0.11111111111111112,0.0,0.5555555555555556,0.0,0.3333333333333333,0.0,0.0,0.0,0.0
831,0.6153846153846154,0.3846153846153846,0.0,0.0,0.0,0.0,0.0,0.0,0.0
832,0.0,0.0,0.0,0.0,1.0,0.0,0.0,0.0,0.0
833,0.2727272727272727,0.09090909090909091,0.6363636363636364,0.0,0.0,0.0,0.0,0.0,0.0
834,0.0,0.7692307692307692,0.0,0.07692307692307693,0.0,0.0,0.15384615384615385,0.0,0.0
835,0.6428571428571428,0.14285714285714285,0.0,0.14285714285714285,0.07142857142857142,0.0,0.0,0.0,0.0
836,0.0,0.125,0.25,0.0,0.5,0.125,0.0,0.0,0.0
837,0.0,0.0,0.0,0.0,1.0,0.0,0.0,0.0,0.0
838,0.0,0.2222222222222222,0.0,0.0,0.1111111111111111,0.33333333333333326,0.33333333333333326,0.0,0.0
839,0.34285714285714286,0.34285714285714286,0.0,0.0,0.05714285714285714,0.2571428571428571,0.0,0.0,0.0
840,0.14285714285714285,0.4285714285714285,0.2857142857142857,0.14285714285714285,0.0,0.0,0.0,0.0,0.0
841,0.15307820299500832,0.0815307820299501,0.07653910149750416,0.15307820299500832,0.30615640599001664,0.22961730449251247,0.0,0.0,0.0
842,0.0,0.22222222222222224,0.3333333333333333,0.22222222222222224,0.22222222222222224,0.0,0.0,0.0,0.0
843,0.33333333333333337,0.25,0.08333333333333334,0.0,0.16666666666666669,0.0,0.16666666666666669,0.0,0.0
844,0.125,0.25,0.125,0.125,0.375,0.0,0.0,0.0,0.0
845,0.125,0.125,0.0,0.0,0.625,0.125,0.0,0.0,0.0
846,0.09090909090909091,0.0,0.09090909090909091,0.0,0.5454545454545454,0.0,0.2727272727272727,0.0,0.0
847,0.09375,0.0,0.0,0.0,0.42031250000000003,0.48593749999999997,0.0,0.0,0.0
848,0.22222222222222224,0.0,0.3333333333333333,0.11111111111111112,0.3333333333333333,0.0,0.0,0.0,0.0
849,0.07142857142857144,0.14285714285714288,0.0,0.0,0.35714285714285715,0.42857142857142855,0.0,0.0,0.0
850,0.2,0.3,0.0,0.0,0.5,0.0,0.0,0.0,0.0
851,0.0,0.11111111111111112,0.0,0.0,0.888888888888889,0.0,0.0,0.0,0.0
852,0.0,0.5,0.0,0.0,0.25,0.25,0.0,0.0,0.0
853,0.125,0.0,0.5,0.0,0.375,0.0,0.0,0.0,0.0
854,0.22222222222222224,0.22222222222222224,0.11111111111111112,0.0,0.22222222222222224,0.11111111111111112,0.11111111111111112,0.0,0.0
855,0.16666666666666669,0.6666666666666667,0.16666666666666669,0.0,0.0,0.0,0.0,0.0,0.0
856,0.0,0.4,0.0,0.0,0.4,0.2,0.0,0.0,0.0
857,0.07142857142857144,0.42857142857142855,0.0,0.0,0.42857142857142855,0.07142857142857144,0.0,0.0,0.0
858,0.0,0.375,0.0,0.0,0.5,0.125,0.0,0.0,0.0
859,0.0,0.125,0.0,0.25,0.0,0.0625,0.25,0.0,0.3125
860,0.16666666666666669,0.5833333333333334,0.0,0.08333333333333334,0.08333333333333334,0.0,0.0,0.0,0.08333333333333334
861,0.14285714285714285,0.14285714285714285,0.0,0.0,0.5714285714285714,0.14285714285714285,0.0,0.0,0.0
862,0.11111111111111112,0.7777777777777778,0.0,0.0,0.0,0.11111111111111112,0.0,0.0,0.0
863,0.27272727272727276,0.3636363636363637,0.0,0.0,0.0,0.09090909090909093,0.27272727272727276,0.0,0.0
864,0.0,0.125,0.0,0.0,0.25,0.0,0.375,0.0,0.25
865,0.29850746268656714,0.22388059701492535,0.07462686567164178,0.22388059701492535,0.029850746268656716,0.07462686567164178,0.07462686567164178,0.0,0.0
866,0.23076923076923073,0.07692307692307693,0.23076923076923073,0.3846153846153846,0.0,0.0,0.07692307692307693,0.0,0.0
867,0.0,0.0,0.0,0.1,0.7,0.2,0.0,0.0,0.0
868,0.0,0.3333333333333333,0.0,0.5833333333333333,0.0,0.08333333333333333,0.0,0.0,0.0
869,0.0,0.10526315789473684,0.10526315789473684,0.0,0.5263157894736842,0.2631578947368421,0.0,0.0,0.0
870,0.0,0.0,0.0,0.0,0.8349603174603175,0.16503968253968254,0.0,0.0,0.0
871,0.0,0.0,0.0,0.0,1.0,0.0,0.0,0.0,0.0
872,0.0,0.2,0.0,0.1,0.7,0.0,0.0,0.0,0.0
873,0.25,0.5833333333333334,0.0,0.0,0.0,0.0,0.0,0.0,0.16666666666666669
874,0.25,0.625,0.0,0.0,0.125,0.0,0.0,0.0,0.0
875,0.3333333333333333,0.16666666666666666,0.08333333333333333,0.08333333333333333,0.3333333333333333,0.0,0.0,0.0,0.0
876,0.3846153846153846,0.6153846153846154,0.0,0.0,0.0,0.0,0.0,0.0,0.0
877,0.30769230769230765,0.5384615384615383,0.0,0.07692307692307691,0.0,0.0,0.0,0.07692307692307691,0.0
878,0.0,0.5555555555555556,0.11111111111111112,0.0,0.0,0.11111111111111112,0.0,0.0,0.22222222222222224
879,0.0,0.3333333333333333,0.0,0.0,0.16666666666666666,0.49999999999999994,0.0,0.0,0.0
880,0.3846153846153846,0.6153846153846154,0.0,0.0,0.0,0.0,0.0,0.0,0.0
881,0.07692307692307693,0.23076923076923073,0.0,0.07692307692307693,0.46153846153846145,0.15384615384615385,0.0,0.0,0.0
882,0.0,0.0,0.0,0.22222222222222224,0.5555555555555556,0.22222222222222224,0.0,0.0,0.0
883,0.8571428571428571,0.0,0.0,0.0,0.0,0.14285714285714288,0.0,0.0,0.0
884,0.15384615384615385,0.07692307692307693,0.0,0.0,0.3846153846153846,0.3846153846153846,0.0,0.0,0.0
885,0.22222222222222224,0.0,0.0,0.11111111111111112,0.5555555555555556,0.11111111111111112,0.0,0.0,0.0
886,0.38095238095238093,0.09523809523809523,0.0,0.09523809523809523,0.23809523809523808,0.09523809523809523,0.0,0.0,0.09523809523809523
887,0.0,0.0,0.6666666666666667,0.0,0.16666666666666669,0.16666666666666669,0.0,0.0,0.0
888,0.14285714285714288,0.14285714285714288,0.0,0.0,0.7142857142857143,0.0,0.0,0.0,0.0
889,0.0,0.8,0.0,0.0,0.1,0.0,0.1,0.0,0.0
890,0.3,0.7,0.0,0.0,0.0,0.0,0.0,0.0,0.0
891,0.36363636363636365,0.5454545454545454,0.0,0.0,0.0,0.09090909090909091,0.0,0.0,0.0
892,0.07391910739191074,0.22175732217573219,0.0,0.07391910739191074,0.5564853556485355,0.07391910739191074,0.0,0.0,0.0
893,0.06666666666666667,0.13333333333333333,0.19999999999999998,0.06666666666666667,0.26666666666666666,0.26666666666666666,0.0,0.0,0.0
894,0.10000000000000003,0.20000000000000007,0.20000000000000007,0.10000000000000003,0.30000000000000004,0.10000000000000003,0.0,0.0,0.0
895,0.9547722117994251,0.008418327572556427,0.0,0.024238181663554795,0.0,0.012571278964463644,0.0,0.0,0.0
896,0.0,0.1,0.0,0.1,0.6,0.2,0.0,0.0,0.0
897,0.2,0.0,0.2,0.0,0.0,0.5,0.1,0.0,0.0
898,0.41666666666666663,0.0,0.16666666666666666,0.0,0.3333333333333333,0.08333333333333333,0.0,0.0,0.0
899,0.09090909090909091,0.09090909090909091,0.0,0.0,0.8181818181818181,0.0,0.0,0.0,0.0
900,0.07692307692307693,0.3076923076923077,0.0,0.07692307692307693,0.3846153846153846,0.0,0.0,0.0,0.15384615384615385
901,0.5,0.33333333333333337,0.0,0.0,0.16666666666666669,0.0,0.0,0.0,0.0
902,0.0,0.4,0.2,0.0,0.4,0.0,0.0,0.0,0.0
903,0.36363636363636365,0.18181818181818182,0.45454545454545453,0.0,0.0,0.0,0.0,0.0,0.0
904,0.20000000000000007,0.7000000000000001,0.0,0.0,0.10000000000000003,0.0,0.0,0.0,0.0
905,0.0,0.125,0.125,0.0,0.5,0.125,0.0,0.125,0.0
906,0.0,0.0,0.0,0.0,0.7272727272727273,0.2727272727272727,0.0,0.0,0.0
907,0.0,0.33333333333333337,0.0,0.0,0.5,0.0,0.16666666666666669,0.0,0.0
908,0.0,0.14285714285714285,0.14285714285714285,0.07142857142857142,0.5714285714285714,0.07142857142857142,0.0,0.0,0.0
909,0.0,0.0,0.0,0.0,0.24999999999999997,0.6666666666666666,0.08333333333333333,0.0,0.0
910,0.0,0.3846153846153846,0.15384615384615385,0.15384615384615385,0.0,0.07692307692307693,0.15384615384615385,0.07692307692307693,0.0
911,0.16666666666666669,0.33333333333333337,0.16666666666666669,0.0,0.16666666666666669,0.16666666666666669,0.0,0.0,0.0
912,0.0,0.45454545454545453,0.09090909090909091,0.09090909090909091,0.36363636363636365,0.0,0.0,0.0,0.0
913,0.20000000000000007,0.7000000000000001,0.0,0.0,0.10000000000000003,0.0,0.0,0.0,0.0
914,0.0,0.0,0.0,0.16895817799635743,0.5926610763122813,0.2383807456913613,0.0,0.0,0.0
915,0.3846153846153846,0.5384615384615383,0.0,0.0,0.0,0.0,0.0,0.07692307692307693,0.0
916,0.10000000000000003,0.40000000000000013,0.10000000000000003,0.0,0.30000000000000004,0.10000000000000003,0.0,0.0,0.0
917,0.15384615384615385,0.6923076923076923,0.0,0.0,0.0,0.0,0.0,0.0,0.15384615384615385
918,0.0,1.0,0.0,0.0,0.0,0.0,0.0,0.0,0.0
919,0.0,0.4444444444444445,0.0,0.11111111111111112,0.4444444444444445,0.0,0.0,0.0,0.0
920,0.06666666666666665,0.2666666666666666,0.0,0.0,0.33333333333333326,0.19999999999999996,0.06666666666666665,0.0,0.06666666666666665
921,0.14285714285714288,0.14285714285714288,0.0,0.0,0.42857142857142855,0.0,0.28571428571428575,0.0,0.0
922,0.0,0.125,0.0,0.375,0.375,0.125,0.0,0.0,0.0
923,0.08823529411764705,0.08823529411764705,0.3529411764705882,0.02941176470588235,0.2647058823529411,0.08823529411764705,0.08823529411764705,0.0,0.0
924,0.2727272727272727,0.09090909090909091,0.45454545454545453,0.09090909090909091,0.09090909090909091,0.0,0.0,0.0,0.0
925,0.23076923076923073,0.3076923076923077,0.0,0.07692307692307693,0.3076923076923077,0.0,0.0,0.07692307692307693,0.0
926,0.1111111111111111,0.2222222222222222,0.33333333333333326,0.0,0.33333333333333326,0.0,0.0,0.0,0.0
927,0.1875,0.4375,0.0,0.0,0.125,0.25,0.0,0.0,0.0
928,0.0,0.0,0.1,0.0,0.8,0.1,0.0,0.0,0.0
929,0.8571428571428571,0.14285714285714288,0.0,0.0,0.0,0.0,0.0,0.0,0.0
930,0.16666666666666669,0.0,0.0,0.0,0.8333333333333334,0.0,0.0,0.0,0.0
931,0.07692307692307693,0.46153846153846145,0.0,0.0,0.3076923076923077,0.15384615384615385,0.0,0.0,0.0
932,0.3333333333333333,0.0,0.0,0.0,0.3333333333333333,0.0,0.3333333333333333,0.0,0.0
933,0.0,0.23076923076923073,0.0,0.0,0.6153846153846154,0.0,0.15384615384615385,0.0,0.0
934,0.1,0.0,0.0,0.0,0.0,0.0,0.9,0.0,0.0
935,0.7142857142857143,0.14285714285714288,0.14285714285714288,0.0,0.0,0.0,0.0,0.0,0.0
936,0.0,0.0,0.0,0.0,0.5995039682539682,0.4004960317460317,0.0,0.0,0.0
937,0.16666666666666666,0.49999999999999994,0.0,0.3333333333333333,0.0,0.0,0.0,0.0,0.0
938,0.0,0.5454545454545454,0.36363636363636365,0.0,0.0,0.0,0.09090909090909091,0.0,0.0
939,0.10344827586206898,0.0,0.10344827586206898,0.10344827586206898,0.5172413793103449,0.1724137931034483,0.0,0.0,0.0
940,0.0,0.1,0.0,0.1,0.5,0.0,0.3,0.0,0.0
941,0.30769230769230765,0.6153846153846153,0.0,0.07692307692307691,0.0,0.0,0.0,0.0,0.0
942,0.0,0.0,0.0,0.0,0.875,0.125,0.0,0.0,0.0
943,0.36363636363636365,0.09090909090909091,0.09090909090909091,0.0,0.45454545454545453,0.0,0.0,0.0,0.0
944,0.3333333333333333,0.4444444444444445,0.0,0.0,0.22222222222222224,0.0,0.0,0.0,0.0
945,0.6363636363636364,0.18181818181818185,0.0,0.09090909090909093,0.09090909090909093,0.0,0.0,0.0,0.0
946,0.22222222222222224,0.0,0.0,0.0,0.6666666666666666,0.11111111111111112,0.0,0.0,0.0
947,0.0,0.125,0.125,0.0625,0.25,0.4375,0.0,0.0,0.0
948,0.0,0.6666666666666667,0.08333333333333334,0.08333333333333334,0.16666666666666669,0.0,0.0,0.0,0.0
949,0.6666666666666666,0.16666666666666666,0.0,0.0,0.08333333333333333,0.08333333333333333,0.0,0.0,0.0
950,0.3846153846153846,0.6153846153846154,0.0,0.0,0.0,0.0,0.0,0.0,0.0
951,0.0,0.11111111111111112,0.0,0.0,0.6666666666666666,0.22222222222222224,0.0,0.0,0.0
952,0.0,0.5000000000000001,0.20000000000000007,0.0,0.20000000000000007,0.10000000000000003,0.0,0.0,0.0
953,0.0,0.0,0.0,0.0,0.2727272727272727,0.7272727272727273,0.0,0.0,0.0
954,0.41666666666666663,0.41666666666666663,0.08333333333333333,0.0,0.08333333333333333,0.0,0.0,0.0,0.0
955,0.16666666666666669,0.0,0.0,0.0,0.6666666666666667,0.16666666666666669,0.0,0.0,0.0
956,0.0,0.16666666666666669,0.0,0.0,0.0,0.8333333333333334,0.0,0.0,0.0
957,0.09090909090909091,0.5454545454545454,0.0,0.0,0.36363636363636365,0.0,0.0,0.0,0.0
958,0.0,0.13333333333333333,0.3333333333333333,0.0,0.39999999999999997,0.06666666666666667,0.06666666666666667,0.0,0.0
959,0.3076923076923077,0.0,0.0,0.07692307692307693,0.5384615384615383,0.07692307692307693,0.0,0.0,0.0
960,0.0,0.21428571428571425,0.07142857142857142,0.0,0.4999999999999999,0.0,0.14285714285714285,0.0,0.07142857142857142
961,0.125,0.0,0.25,0.0,0.25,0.375,0.0,0.0,0.0
962,0.1176470588235294,0.0588235294117647,0.1176470588235294,0.0,0.4705882352941176,0.2352941176470588,0.0,0.0,0.0
963,0.7928831374999481,0.18686090597799407,0.0,0.02025595652205805,0.0,0.0,0.0,0.0,0.0
964,0.0,0.6,0.0,0.0,0.3333333333333333,0.06666666666666667,0.0,0.0,0.0
965,0.22222222222222224,0.0,0.11111111111111112,0.0,0.5555555555555556,0.0,0.11111111111111112,0.0,0.0
966,0.09090909090909091,0.0,0.0,0.0,0.18181818181818182,0.7272727272727273,0.0,0.0,0.0
967,0.0,0.625,0.0,0.0,0.25,0.0,0.125,0.0,0.0
968,0.0,0.28571428571428575,0.14285714285714288,0.14285714285714288,0.14285714285714288,0.14285714285714288,0.14285714285714288,0.0,0.0
969,0.07692307692307691,0.2307692307692307,0.30769230769230765,0.2307692307692307,0.07692307692307691,0.07692307692307691,0.0,0.0,0.0
970,0.0,0.8181818181818181,0.09090909090909091,0.0,0.0,0.09090909090909091,0.0,0.0,0.0
971,0.0,0.5714285714285715,0.14285714285714288,0.14285714285714288,0.0,0.0,0.0,0.0,0.14285714285714288
972,0.7,0.3,0.0,0.0,0.0,0.0,0.0,0.0,0.0
973,1.0,0.0,0.0,0.0,0.0,0.0,0.0,0.0,0.0
974,0.11111111111111112,0.22222222222222224,0.0,0.0,0.11111111111111112,0.11111111111111112,0.3333333333333333,0.11111111111111112,0.0
975,0.0,0.125,0.0,0.0,0.875,0.0,0.0,0.0,0.0
976,0.34521575984990627,0.2589118198874297,0.08630393996247657,0.08630393996247657,0.22326454033771112,0.0,0.0,0.0,0.0
977,0.4,0.6,0.0,0.0,0.0,0.0,0.0,0.0,0.0
978,0.4444444444444445,0.4444444444444445,0.0,0.11111111111111112,0.0,0.0,0.0,0.0,0.0
979,0.0,0.45454545454545453,0.0,0.0,0.45454545454545453,0.0,0.0,0.0,0.09090909090909091
980,0.07142857142857142,0.0,0.07142857142857142,0.21428571428571425,0.3571428571428571,0.21428571428571425,0.0,0.0,0.07142857142857142
981,0.1111111111111111,0.2222222222222222,0.33333333333333326,0.0,0.0,0.1111111111111111,0.2222222222222222,0.0,0.0
982,0.1,0.1,0.0,0.1,0.1,0.6,0.0,0.0,0.0
983,0.07142857142857144,0.5,0.0,0.07142857142857144,0.21428571428571427,0.14285714285714288,0.0,0.0,0.0
984,0.24999999999999997,0.16666666666666666,0.41666666666666663,0.0,0.08333333333333333,0.08333333333333333,0.0,0.0,0.0
985,0.0,0.2,0.1,0.0,0.7,0.0,0.0,0.0,0.0
986,0.0,1.0,0.0,0.0,0.0,0.0,0.0,0.0,0.0
